sodium salt,3091,3122
prepare,3036,3069,3068,3067,3066,3052
instep,3109,3143,3142
small muscles of the h,4074,3108,4075,4329
packsack,4333,4337,4404
rest home,4175,4165,4265
first toe,4387,4416
pretend,3036,3069,3068,3067,3066,3052
tee,4474,4563,4600,4546,4604
pick,3082,3081,3118,3133,3142,3083
loose material,3064
cles cle sts,4176
scanty,4584
pocket square,4502
kids jewellery,4447
poets shirt,4497,4530,4564,4476,4600,4546,4505,4604
st song,4176
apposition eye,4370,3106,4363,3047,3046,3044,4218
trainer socks,4500
type b,4627
size,4557
perspirer,4593,4487
whitened,3074
twin pregnancy,4527,4539
extensor pollicis longis,4074,3108,4075,4329
sunglass,4361,4366,4377,4368,4358
cel,4176
deoxythymidine monophosphate,3224,4542,4532
hair color,3128,3098
example,4361,4368
result,3078
safety glasses,4370,4363
cushion case,4157
ethnic wear,4484,4540
flip,4519,2993,4469
sals,4508,4468,2989
salt,3091,3122
kibisis,4331,4338
accessories,3192,4371,3092,4492,4360,4471,4164,4374,4364,4486,4355,3123,4609,3069,4114,4356,4357,4599,4524,4645,4536,4559
wool blankets,4152
boys clothing,4522
flop disambiguation,4519,2993,4469
baxae,4508,4468,2989
the,3063
dj house shoes,2988,4471,4608,2995,4462,4463,4464,4465,4510,4456,4516,4506
throw,4519,2993,3036,3069,3068,3067,3066,4469,3052
protective mask,3077
contrabist,4151
basketball gear,3882,3198
tube sock,4500
toy boat,2954,2711,4207
capreae,4551,4543,4577
extensor carpus radialis brevis,4074,3108,4075,4329
jewellary,4408,4409,4442,4422,4434,4435,4447,4418,4407
houes,4203
tie,4499
h joints,4074,3108,4075,4329
anti perspirant,3113,3034
antiperspirant,3113,3034
sleeping suit,4529,4541,4586,4554
night polo ball,4474,4532
intersection,3103,3140,3073
tip,4562,4542,4600,4546,4604
monkey tools,4115
fantasm,3047
lie with,4153
myodesopsia,4470,4520,3022
tush,4581
wraparound sunglasses,4366,4377,4358
fashions,4409,4435
a pant,4480,4606,4550,4572,4479,4602,4526,4538
check,4361,4368,4207
building toy,2954,2711,4207
hair oil,3127,3097
sleeper,4499
wetroom,4162,3088,3121
kyd,2988,2954,4374,4342,4388,4521,4447
blood serum,3084
forethought,3109,3108,3107,3106,3124,3143,3075,3094
shorts & capris,4543
cleancloth,4163
hat size,4501
basketball parity worldwide,3882,3198
bop party,4528
emollient,3082,3081,3118,3139,3133,3142,3083
duvet,4154
casual trousers,4479
muscae volitantes,4470,4520,3022
clothings,4472,4473,4486,4521,4533,4544,4522,4524,4536,4559
root,3078,3066,3055
pair of pants,4480,4606,4550,4572,4479,4602,4526,4538
tonne,3224,4542,4532
colouring,3128,3098
chain wallets,4331,4338
roof,3210,4501
beautious,4388,3110,3031,3030
table kitchen linen,4406
locs glasses,4366,4377,4358
ticker,4375,4367,4359
cheek,3071,3137,3058,3062
mattress pillow protector,4651
cheep,4387
s stiletto,4517
football codes,3196,3194,3193
twin brother,4527,4539
sports coat,4485
bball,3882,3198
goop,3087,3120
shadowily,3047
party pooper,4528
traditional chinese massage,3083
rainiest,4504
heavy rain meteorology,4504
toy makers,2954,2711,4207
winter blahs,4492,4595,4596,4477,4599,4567,4556,4525,4537
bikini tans,3234
hats,4501
belted ammunition,4362,4369
apparal,4472,4473,4486,4521,4533,4544,4522,4524,4536,4559
gifting,3114,3035,4390
rainy,4504
hatb,4501
flop,4519,2993,4469
sass,3107,3039,3037,3043,3042,3041,3040
rugs mats,4185
pants disambiguation,4480,4606,4550,4572,4479,4602,4526,4538
jeggings,4579
bump disambiguation,4627
phalangeal articulations of h,4074,3108,4075,4329
pilus,3093,4360,3134,3133,3100,3099,3098,3097,3130,3094,3129,3128,3127,3103,3102,3124
traveling,4341,4336
caps disambiguation,3210,4501
rains,4504
fingerless glove,3917,3196
cutaneous fold,3070,3136,3078,3141,3140,3085,3073,3084
sari,4569,4549
mutation,4608,4609,4465,3223,3176,3175,4516
sound induced gelation,3118,3133,3088,3121
bespectacled,4370,4363
rugs & mats,4185
shadowish,3047
daylight,3081
spots,4470,4520,3022
voni garment,4581,4582
fair mindedness,3074
women,4408,4356,4544,4327,3031,4506
woman,4408,4356,4544,4327,3031,4506
fuck,4153
shorts & 3/4ths,4483,4531
stoolie,4518,2992,4466
ankle bracelet,4454,4416
toe,4387,4416
outwore,4481,4482,4484,4540,3223,4477,4611,4556,4558,4525,4504,4537,4528
clarence shepard day jr.,3081
take a leak,3036,3069,3068,3067,3066,3052
top,4151,4154,4155,4562,4157,4542,4600,4546,4604
bikini,3234
spintop,4562,4542,4600,3055,4546,4604
rails,4482,4611
irons,4441
hacek,4511
have,3036,3069,3068,3067,3066,3052
head hair,3093,4360,3134,3133,3100,3099,3098,3097,3130,3094,3129,3128,3127,3103,3102,3124
bath towel,4163
pet toy,2954,2711,4207
shorts,4483,4551,4575,4531,3233,4543
skin cell turnover,3070,3136,3078,3141,3140,3085,3073,3084
pavadai,4571
fashion jewellery,4409,4435
toy,2954,2711,4207
quilt,4152
product,3103,3140,3073
single cream,3082,3081,3118,3133,3142,3083
teashade sunglasses,4366,4377,4358
produce,3036,3069,3068,3067,3066,3052
gewgaw,4452,4413,4426
time piece personal,4361,4368
mangalsutras,4415,4429
outworn,4481,4482,4484,4540,3223,4477,4611,4556,4558,4525,4504,4537,4528
cleansing agent,3079
body massage,3083
perfumes edts,3033
prat,4581
capital,3210,4501
mittens,3917,3196
lingerie,4554,4588,4645
soundbox,3090,3115,3086
con,4207
minor,2988,3119,2954,4374,4342,4388,4521,4447
lantern sleeve,4340,4335
billfold,4331,4338
dorsum of the hs,4074,3108,4075,4329
cor,3074
gift giving,3114,3035,4390
others disambiguation,4606,4602
insteps,3109,3143,3142
gown,4163,3138,3072
b complex vitamin,4627
eyeglasses contact lenses,4370,4363
cuneus,4511
tech accessories,4371,4364
towel,4163
back rub,3083
soln.,3078
convertible laptops,4340,4335
derriere,4581
s fashion,4409,4435
lax,3064
bellie,2994
have a go at it,4153
dorsum of h,4074,3108,4075,4329
rainwater,4504
windcheater,4490
coin toss cricket,3917,3177,3921
extensor carpus radialis longus,4074,3108,4075,4329
troosers,4480,4606,4550,4572,4479,4602,4526,4538
underdrawers,4483,4551,4575,4531,3233,4543
nit comb,3104,3135
starter stud,4410,4423,4437
chooridar,4580,4553
oppidum ubiorum,3113,3034
cologner,3113,3034
colognes,3113,3034
eyebrow modification,3051
hatbs,4501
shades of color,3128,3098
monozygotic,4527,4539
sports cricket,3917,3177,3921
physical fitness,4503
floor,3066,3055
pencil crayons,3041,3051
essensial,4523,4534
packsacks,4333,4337,4404
tools equipment,4115
jean cuts,4550,4496,4573,4526,4538
planck's constant,4074,3108,4075,4329
daypack,4333,4337,4404
bell skirt,4551,4576,4535
necklace,4412,4425
indian shirt,4596,4565,4567,4548
kimono sleeve,4340,4335
snoozing,4621
activities,4207
rug disambiguation,4185
lining,3046,3040
pillow,4155,4651
skirmish,3104,3069,3135,3043,3052
traveled,4341,4336
plus sizes,4557
flops,4519,2993,4469
maintenance,3109,3108,3107,3106,3124,3143,3075,3094
sport,4608,4609,4465,3223,3176,3175,4516
tub,3091,4164,3115,4159,3122,3086,4160
half pant,4483,4551,4575,4531,3233,4543
attire,4570,4560,4472,4473,4486,4521,4533,4544,4522,4545,4524,4601,4535,4536,4559,4549,4605
slim dress,4570,4549
fraternal twins,4527,4539
nighear,4529,4541,4586,4554
concern,3109,3108,3107,3106,3124,3143,3075,3094
plus album,4557
styling,3100,3130
brim hat,4501
calculator wristwatch,4361,4368
anklets toe rings,4416
strategic arms limitation talks,3091,3122
nestling,2988,3119,2954,4374,4342,4388,4521,4447
night,3082
replens,3139
concealment,4151,4154,4155,4157
bedroom set group,4265
night wear,4529,4541,4586,4554
vitrine,4361,4368
piss,3036,3069,3068,3067,3066,3052
pack,3129,3099
atomizer,3101,3131
tutelage,3109,3108,3107,3106,3124,3143,3075,3094
chaadar,4581,4582
curing,4581,4153,4156,3035,4390,3114,4412,4588,4566,4425,4414,3921,4548,4527,4428,4539
bikinitans,3234
fishing vest,4494
hkercher,4502
cut,4482,4611
windsock,4500
pencils,3041,3051
jeweler,4408,4409,4442,4422,4434,4435,4447,4418,4407
appurtenance,3192,4371,3092,4492,4360,4471,4164,4374,4364,4486,4355,3123,4609,3069,4114,4356,4357,4599,4524,4645,4536,4559
antipersperant,3113,3034
afterparty,4528
cornerstone,3066,3055
kitchen,4110,4406
thyroxin,3224,4542,4532
liothyronine,3224,4542,4532
bangles & bracelets,4452,4413,4426
attired,4472,4473,4486,4521,4533,4544,4522,4524,4536,4559
the secret killer,4370,3106,4363,3047,3046,3044,4218
cricketer,3917,3177,3921
little toe,4387,4416
seaworthiness,4503
watch,4361,4375,4367,4368,4359,4207
bluejeans,4550,4496,4573,4526,4538
tops & t-shirts,4542
hair shaft,3093,4360,3134,3133,3100,3099,3098,3097,3130,3094,3129,3128,3127,3103,3102,3124
polish,3039
pluck,3091,3122
material music album,4570,4549
cricketed,3917,3177,3921
portable computers,4340,4335
fashion,4409,4435
desert wellies,4508,4468,2989
abductor longus,4074,3108,4075,4329
paunch,2994,4510
lip liner,3040
pens disambiguation,4372,4365
lid,4501
vegetable oil,3090,3127,3097,3083
apparel,4570,4560,4472,4473,4486,4521,4533,4544,4522,4545,4524,4601,4535,4536,4559,4549,4605
bath and body,3115,3086
hbag,4340,4330,4341,4331,4342,4334,4335,4336,4326,4327,4328,4339,4329
lip,3107,3039,3037,3043,3042,3041,3040
chorionicity,4527,4539
little girl,4533
wear resistance,4481,4482,4484,4540,3223,4477,4611,4556,4558,4525,4504,4537,4528
homes,4175,4165,4265
football gloves,3196
dance shoes,2988,4471,4608,2995,4462,4463,4464,4465,4510,4456,4516,4506
tech,4371,4364
jacket,4592,4595,4498,3210,4489,4501,4568
laundries,4161
privileged,4481
gift giver,3114,3035,4390
suited,4485,4566,4548
sleep pattern,4621
maternity wear,4558
spoirts,4608,4609,4465,3223,3176,3175,4516
kid disambiguation,2988,2954,4374,4342,4388,4521,4447
draperies,4162,4158
house,4175,4165,4265,4203
digitus quintus pedis,4387,4416
shock absorber,4157
thenar region,4074,3108,4075,4329
windbreaker,4490
eye anatomy,4370,3106,4363,3047,3046,3044,4218
pool slider,4508,4468,2989
lle,3113,3034
center,4370,3106,4363,3047,3046,3044,4218
tees,4474,4563,4600,4546,4604
wintriness,4492,4595,4596,4477,4599,4567,4556,4525,4537
kajal,3045
fashin,4409,4435
manage,3070,3136,3078,3141,3085
skin cells,3070,3136,3078,3141,3140,3085,3073,3084
kids song,2988,2954,4374,4342,4388,4521,4447
crested blazer,4485
short,4483,4551,4575,4531,3233,4543
cles,4176
knapsack,4333,4337,4404
orthopaedic footwear,2988,4471,4608,2995,4462,4463,4464,4465,4510,4456,4516,4506
tote disambiguation,4334
pall,4162,4158
the bags b,4340,4330,4341,4342,4334,4335,4336,4326,4327,4328,4339,4329
pallet,4218
atomic number 1,4074,3108,4075,4329
animal slippers,2991,4468
plume,3091,3122
tool case,4115
consistency,3090,3115,3086
washes,3071,3137
quesyl,3125,3095
consistence,3090,3115,3086
atomic number 5,4627
make-up remover,3068
matress,4651
spray disambiguation,3101,3131
hair gel cream,3133
swimsuit,3231
vesture,4481,4482,4472,4473,4484,4540,4486,3223,4477,4521,4533,4544,4522,4611,4556,4524,4536,4558,4525,4559,4504,4537,4528
attain,3036,3069,3068,3067,3066,3052
chaddi,4483,4551,4575,4531,3233,4543
shower party,4528
aquatic bodywork,3083
diathermal oil,3090,3127,3097,3083
furniture industry,4265
eyebrows,3051
dolly,4203
skin care solutions,3078
dolls,4203
pant,4480,4606,4550,4572,4479,4602,4526,4538
cutis,3070,3136,3078,3141,3140,3085,3073,3084
spirit of cricket,3917,3177,3921
abductor brevis,4074,3108,4075,4329
asl gloss,3039
carpetlayer,4185
anti,3076,3075
lot,4581,4153,4156,3035,4390,3114,4412,4588,4566,4425,4414,3921,4548,4527,4428,4539
glasses,4370,4363
fuse,3063
the messenger album,4339
jeggin,4552,4579
sentinel,4375,4367,4359
dorsum of foot,3109,3143,3142
isl of capri,4551,4543,4577
wallet,4331,4338
twitch,4519,2993,4469
doll,4551,4576,4203,4535
h dorsum,4074,3108,4075,4329
pool party,4528
carpet pile,4185
nucleotide,3066,3055
home decor,4165
sun song,3075
centre,4370,3106,4363,3047,3046,3044,4218
hound,4509
list of cle types,4176
mattress size,4651
mats disambiguation,4185,4160
fallal,4452,4413,4426
h lead,3041,3051
peel disambiguation,3077
the messenger,4339
after shave,3117
hit the hay,4153
wearout,4481,4482,4484,4540,3223,4477,4611,4556,4558,4525,4504,4537,4528
compact,3059
quilted jacket,4592,4595,4498,4489,4568
make up,3036,3069,3068,3067,3066,3052
basketball rim,3882,3198
kitchen & dining,4110
jeans jacket,4497,4498,4478
kit disambiguation,3092,3123,3067,3141,3085
free easy,4463,4476,4479
day,3081
jewelry,4408,4409,4442,4422,4434,4435,4447,4418,4407
womanhood,4408,4356,4544,4327,3031,4506
adventitia,4601,4547,4605
socks,4500
lusterlessness,4185,4160
winter accessories,4492,4599
formal,4480,2995,4464,4505
at largep,3064
treatment disambiguation,3103,3057,3140,3073
perfumes and edt's,3112
bodily hair,3093,4360,3134,3133,3100,3099,3098,3097,3130,3094,3129,3128,3127,3103,3102,3124
el ojo en la oscuridad,4370,3106,4363,3047,3046,3044,4218
toner,3080
shadowier,3047
manpower,4473,4462,4434,4357,3110,4328
printer toner,3080
solutes,3078
eyebrow pencil,3051
table disambiguation,4406
cricketplayer,3917,3177,3921
colouring material,3128,3098
build,3036,3069,3068,3067,3066,3052
meridian,4562,4542,4600,4546,4604
earn,3036,3069,3068,3067,3066,3052
slipper socks,2991,4468
lip pencil,3041
whipping tops,4562,4542,4600,3055,4546,4604
mattresses,4651
fuze,3063
sacking sack manufacture,4340,4330,4341,4342,4334,4335,4336,4326,4327,4328,4339,4329
spend a penny,3036,3069,3068,3067,3066,3052
bracelets,4452,4413,4426,4439
path,4482,4611
nocturnal post absorptive catabolism,4621
prevention,4114,4115
blankets & quilts,4152
gelation,3118,3133,3088,3121
apparition,3047
colour science,3128,3098
tee shirt,3224,4542,4532
shock,4157
have it away,4153
capri,4551,4543,4577
easy,3064
messenger & sling bags,4339
short trousers,4483,4551,4575,4531,3233,4543
hot chicks,4388,3110,3031,3030
kitchen table,4110,4406
hair styling,3100,3130
history of houses,4203
denim,4550,4561,4496,4573,4497,4498,4478,4526,4538,4527
treatment,3103,3057,3140,3073
highlighter pen,3049,3062
's disambiguation,3112
planetary house,4203
stiletto knife,4517
water sunglasses,4366,4377,4358
backbacks,4333,4337,4404
grasp,4332
do nothing,4512,4228
football game,3196,3194,3193
baxeae,4508,4468,2989
kurti disambiguation,4565
kidskin,2988,2954,4374,4342,4388,4521,4447
casual fashion,4463,4476,4479
muscae volantites,4470,4520,3022
digital watches,4361,4368
ball carrier,4151
natural process,4207
sleep dem,4621
latex leggings,4606,4552,4578,4602
suits blazers,4485
shoes,2988,4471,4608,2995,4462,4463,4464,4465,4510,4456,4516,4506
requisite,4523,4534
bikinitan,3234
the bags american b,4340,4330,4341,4342,4334,4335,4336,4326,4327,4328,4339,4329
showcase,4361,4368
fuzz,3093,4360,3134,3133,3100,3099,3098,3097,3130,3094,3129,3128,3127,3103,3102,3124
cleaning lady,4408,4356,4544,4327,3031,4506
blankie,4152
backpacks,4333,4337,4404
stolon,4151
whiteners,3074
eyeglass frame,4370,4363
golf pencil,3041,3051
plurality,3129,3099
sheers,4158
denim jacket,4497,4498,4478
chudi,4452,4413,4426
sarees & dress material,4549
massages,3083
lookout,4375,4367,4359
bird,4551,4576,4203,4535
bikini panty,4554,4588,4645
forniture,4265
massager,3083
field goal,4161
the other,4606,4602
legging disambiguation,4606,4552,4578,4602
home furnishing,4265
suiting,4485,4566,4548
fitness bands,4503
cover charge,4151,4154,4155,4157
learns,4207
merchantman,4581
traveling bag,4340,4330,4341,4342,4334,4335,4336,4326,4327,4328,4339,4329
menage,4175,4165,4265,4203
bras,4583
journey travel,4341,4336
upwards,3036
monozyotic,4527,4539
stilletto,4517
blush ep,3065
learnt,4207
granny panties,4584
solvent,3078
dissimilar twin,4527,4539
pawn,3091,3122
habiliments,4472,4473,4486,4521,4533,4544,4522,4524,4536,4559
colours,3128,3098
house shoe,2988,4471,4608,2995,4462,4463,4464,4465,4510,4456,4516,4506
kids single,2988,2954,4374,4342,4388,4521,4447
legal community,4114,4115
the others film,4606,4602
back,4151,4154,4155,4157
get wind,4207
title,3100,3130
miss,4533
undershirt,4494
facet eyes,4370,3106,4363,3047,3046,3044,4218
partyingly,4528
usage of words for eyepieces,4370,4363
afterparty cool kids of death album,4528
top spinner traditional activity,4562,4542,4600,3055,4546,4604
orthopedic footwear,2988,4471,4608,2995,4462,4463,4464,4465,4510,4456,4516,4506
company,4528
cricket player,3917,3177,3921
knockout,4388,3110,3031,3030
wearing apparel,4570,4560,4545,4601,4535,4549,4605
othering,4606,4602
abode,4175,4165,4265
babe,4523,4534
shower head,4162,3088,3121
winter doldrums,4492,4595,4596,4477,4599,4567,4556,4525,4537
blankey,4152
travels,4341,4336
henry,4074,3108,4075,4329
teashade,4366,4377,4358
sneaker disambiguation,4518,2992,4466
baby,4523,4534
blanket,4151,4152,4154,4155,4157
caterpillar track,4482,4611
extensor digitorum h,4074,3108,4075,4329
construct,3036,3069,3068,3067,3066,3052
the messenger film,4339
constitutive other,4606,4602
drapery,4162,4158
color pencil,3041,3051
chunni,4581,4582
starter stud point.,4410,4423,4437
pitch,4519,2993,4469
keggers,4528
fair sex,4408,4356,4544,4327,3031,4506
wore out,4481,4482,4484,4540,3223,4477,4611,4556,4558,4525,4504,4537,4528
fear,3109,3108,3107,3106,3124,3143,3075,3094
dry denim,4497,4498,4478
trichoid,3093,4360,3134,3133,3100,3099,3098,3097,3130,3094,3129,3128,3127,3103,3102,3124
electrical,3119
spectacle frame,4370,4363
lip pallete,3042
boxershorts,4483,4551,4575,4531,3233,4543
mitt,3917,3196
tees shirts,4600,4546,4604
sport coat,4485
football games,3196,3194,3193
mitten,3917,3196
dog,4509
wet room,4162,3088,3121
low flow showerhead,4162,3088,3121
curlyhaired,3093,4360,3134,3133,3100,3099,3098,3097,3130,3094,3129,3128,3127,3103,3102,3124
sportswoman,4608,4609,4465,3223,3176,3175,4516
bags,4326
skid,4471
loose disambiguation,3064
skin,3070,3136,3078,3077,3141,3140,3085,3073,3084
liquid ecstasy,3087,3120
h bags,4329
h shower,4162,3088,3121
mens fragrance,3112,3033
shopping bags totes,4334
wornout,4481,4482,4484,4540,3223,4477,4611,4556,4558,4525,4504,4537,4528
keg party,4528
laundry,4161,3071,3137
brim,3107,3039,3037,3043,3042,3041,3040
track shorts,4483,4551,4575,4531,3233,4543
ethnic & party wear,4528
shiny leggings,4606,4552,4578,4602
caseful,4361,4368
mat,4185,4160
sweaters,4593,4487
max,3087,3120
solar magnetic field,3075
case disambiguation,4361,4368
colouring pencil,3041,3051
human h,4074,3108,4075,4329
neck lace,4412,4425
wet soaks,3091,3122
primer disambiguation,3063
football elliptical,3196,3194,3193
kurtas kurtis,4565
sneakers film,4518,2992,4466
breastpin,4417
the sun,3075
galvanising,3119
labtop,4340,4335
semi identical twin,4527,4539
spectacles,4370,4363
trackwear nightwear,4529,4541
wide eyed in the dark,4370,3106,4363,3047,3046,3044,4218
blazers,4485
bobbysock,4454,4416
merchant ship,4581
thermal oil,3090,3127,3097,3083
subject,4361,4368
t-shirts & polos,4532
massage device,3083
the toss,3917,3177,3921
bumped,4627
get laid,4153
clothing industry,4472,4473,4486,4521,4533,4544,4522,4524,4536,4559
casing,4361,4368
a hkerchief,4502
clothes washing,4161
surface based convection,4491,4597
hotel bedding,4153
panty lines,4584
flatness,4185,4160
innera,4481
equipment,3102,3134,3176
pendants pendant sets,4414,4428
menswear,4409,4435
streak,4114,4115
messengers,4339
salt production,3091,3122
cover disambiguation,4151,4154,4155,4157
massage therapists,3083
color pencils,3041,3051
colorful,3128,3098
dressing gowns,4163
laundrywoman,4161
sleep with,4153
hair texture,3093,4360,3134,3133,3100,3099,3098,3097,3130,3094,3129,3128,3127,3103,3102,3124
interior decoration,4165
stilletto knife,4517
fanny,4581
men,4473,4462,4434,4357,3110,4328
showering,4162,3088,3121
make,3036,3069,3068,3067,3066,3052
panties underpants,4584
combing,3104,3135
refined salt,3091,3122
vitamin b complex,4627
beauteousness,3074
watchb,4361,4452,4368,4413,4426,4439
axminster carpet,4185
senesce,3076
dud,4519,2993,4469
backpack,4333,4337,4404
perfuming,3112,3033
necklaces necklace sets,4412,4425
learnedly,4207
beaut,4388,3110,3031,3030
shoewear,2988,4471,4608,2995,4462,4463,4464,4465,4510,4456,4516,4506
flop!,4519,2993,4469
character,4361,4368
bang,2997,4153,4362,4467,4369,4514
brow,3051
human hair,3093,4360,3134,3133,3100,3099,3098,3097,3130,3094,3129,3128,3127,3103,3102,3124
palette,4218
sleep stage,4621
dizygotic twin,4527,4539
moon curser,4151
atmosphere of the sun,3075
foot care,3109,3143
height,4562,4542,4600,4546,4604
sleeps,4621
half identical twin,4527,4539
shaving gel and cream,3118
dupattas,4582
classic briefs,4584
curtains & sheers,4158
classical beauty,4388,3110,3031,3030
hair's breadth,3093,4360,3134,3133,3100,3099,3098,3097,3130,3094,3129,3128,3127,3103,3102,3124
right to dry,4161
unbreakable plastic comb,3104,3135
priming,3063
infinite other,4606,4602
grammatical case,4361,4368
association,4499
zubon,4480,4606,4550,4572,4479,4602,4526,4538
perfumes and edts,3033
organogel,3118,3133,3088,3121
back packs,4333,4337,4404
cute,4442,4422
football code,3196,3194,3193
tangent,3075
palm h,4074,3108,4075,4329
motherliness,4558
body covering,4472,4473,4486,4521,4533,4544,4522,4524,4536,4559
boots,2997,4467,4514
freighter,4581
hbasket,4161
unikini,3234
underclothes,4493
middle,4370,3106,4363,3047,3046,3044,4218
expression,3071,3137,3058,3062
pull in,3036,3069,3068,3067,3066,3052
piddle,3036,3069,3068,3067,3066,3052
jumpsuits,4561,4545,4539
baby toes,4387,4416
everyday,4463,4476,4479
spankies,4554,4588,4645
body film,3090,3115,3086
cargo shorts,4483,4551,4575,4531,3233,4543
paintbrush,3043,3052
serums,3084
bodily function,4207
eyeglasses,4370,4363
group b,4627
open,3064
massage mediums,3083
bump song,4627
cufflink,4499
vigil,4375,4367,4359
capri isl,4551,4543,4577
buhok,3093,4360,3134,3133,3100,3099,3098,3097,3130,3094,3129,3128,3127,3103,3102,3124
women jewellery,4408
invertebrate foot,3109,3143,3142
metallic leggings,4606,4552,4578,4602
nominate,3036,3069,3068,3067,3066,3052
specs,4370,4363
barn,4627
notebook pc,4340,4335
knicker,4584
net curtain,4162,4158
home fragrances,4175
suitcase,4340,4330,4341,4342,4334,4335,4336,4326,4327,4328,4339,4329
caps hats,4501
solutions,3078
shower for washing,4162,3088,3121
look,3071,3137,3058,3062
trimmer,3119
undercoat,3063
athletic contests,4608,4609,4465,3223,3176,3175,4516
saltea,4651
set disambiguation,4581,4153,4156,3035,4390,3114,4412,4588,4566,4425,4414,3921,4548,4527,4428,4539
k gold watch,4361,4368
glittens,3917,3196
polar body twin,4527,4539
barefoot sals,4508,4468,2989
eccentric,4361,4368
ecrl muscle,4074,3108,4075,4329
fuzee,3063
hit the sack,4153
knock,4362,4369
glossiness,3039
maternalism,4558
blankets,4152
outwears,4481,4482,4484,4540,3223,4477,4611,4556,4558,4525,4504,4537,4528
railroad tie,4499
salt refining,3091,3122
blankets quilts,4152
poor boy,4511
day cream,3081
twenty four hour period,3081
sol star,3075
bath,3091,4164,3115,4159,3122,3086,4160
mask,3077
nightwear,4529,4481,4495,4541,4586,4554,4623
lip rouge,3038
carpet slipper,2991,4468
canary,4518,2992,4466
slingback,4330,4339
jeans trousers,4550,4496,4573,4526,4538
throw blanket,4152
beautiousness,4388,3110,3031,3030
womenswear,4472,4473,4486,4521,4533,4544,4522,4524,4536,4559
overshirt,4497,4530,4564,4476,4600,4546,4505,4604
bash,4362,4369
base,4340,4175,4330,4165,4341,4342,4265,3143,3066,3055,3142,3109,4334,4335,4336,4326,4327,4328,4339,4329
stem,3066,3055
mob,3129,3099
spotter,4375,4367,4359
sunshine,3075
deodorants and colognes,3113,3034
sesquizygotic twin,4527,4539
display case,4361,4368
change of location,4341,4336
h lotion,3090
clemaker,4176
colonia agrippinae,3113,3034
watch over,4361,4368
tennis accessories,3192
how to play basketball,3882,3198
bodily,3090,3115,3086
normal salt,3091,3122
workforce,4473,4462,4434,4357,3110,4328
jap flaps,4508,4468,2989
short disambiguation,4483,4551,4575,4531,3233,4543
mats,4185,4160
worn,4481,4482,4484,4540,3223,4477,4611,4556,4558,4525,4504,4537,4528
stool pigeon,4518,2992,4466
wearability,4472,4473,4486,4521,4533,4544,4522,4524,4536,4559
work,3036,3069,3068,3067,3066,3052
matt,4185,4160
constitute,3036,3069,3068,3067,3066,3052
formality disambiguation,4480,2995,4464,4505
packs,3129,3099
jegging,4552,4579
suntan,3075
courier,4339
absorptive lenses,4366,4377,4358
flannel vest,4494
cricket game,3917,3177,3921
swath,4362,4369
old bag,4340,4330,4341,4342,4334,4335,4336,4326,4327,4328,4339,4329
love,4153
tennis player,3192,3188
internal,4481
selvage denim,4497,4498,4478
camel hair,3043,3052
foundation,3109,3143,3066,3055,3142
coppice,3104,3069,3135,3043,3052
cold kettle,3087,3120
giglets,4533
lehnga,4571
indoors,4203
pillow pillow covers,4155
haversacks,4333,4337,4404
women beauty,3031
washout,3071,4519,3137,2993,4469
laptop upgrade,4340,4335
kurtas,4596,4565,4567,4548
mean solar day,3081
tennis bracelet,4452,4413,4426,4439
hybrid laptop,4340,4335
anti persperant,3113,3034
clamshell laptop,4340,4335
hair gels,3118,3133,3088,3121
summer jackets,4592
gym sock,4500
palm anatomy,4074,3108,4075,4329
camera type eye,4370,3106,4363,3047,3046,3044,4218
sleeve,4340,4335
make up brush,3052
skin care kits,3141,3085
defender,4651
spin tops,4562,4542,4600,3055,4546,4604
bed spread,4153
informality,4480,2995,4464,4505
hair care,3124,3094
turn over,4519,2993,4469
ommateum,4370,3106,4363,3047,3046,3044,4218
float,3210,3209
wettest spot on earth,4504
basketball,3882,3198
schlaf,4621
charwoman,4408,4356,4544,4327,3031,4506
xerogel,3118,3133,3088,3121
cockscomb,3104,3135
dungaree disambiguation,4561,4527
work force,4473,4462,4434,4357,3110,4328
discover,4207
offset,4151
cascade,4162,3088,3121
cleaner,3079
twin sets & dungarees,4527
footbal,3196,3194,3193
lingerie accessories,4645
styles of clothing,4472,4473,4486,4521,4533,4544,4522,4524,4536,4559
table salt,3091,3122
edt,3112,3033
saltiness,3091,3122
indoor equipment,4115
winter,4492,4595,4596,4477,4599,4567,4556,4525,4537
h fracture,4074,3108,4075,4329
wood basket,4161
baby essentials,4523,4534
wash.,3071,3137
butterfly sleeve,4340,4335
wearing clothes,4472,4473,4486,4521,4533,4544,4522,4524,4536,4559
kids episode,2988,2954,4374,4342,4388,4521,4447
muscles of the h,4074,3108,4075,4329
bolsters,4156
base set,4581,4153,4156,3035,4390,3114,4412,4588,4566,4425,4414,3921,4548,4527,4428,4539
fairness,3074
grinder,4511
eff,4153
body song,3090,3115,3086
hair growth rate,3093,4360,3134,3133,3100,3099,3098,3097,3130,3094,3129,3128,3127,3103,3102,3124
eternal sleep,4621
summery,4592
grimace,3071,3137,3058,3062
half twin,4527,4539
perfume bottle,3112,3033
hiliter,3049,3062
polar twins,4527,4539
make up remover,3068
seduce,3036,3069,3068,3067,3066,3052
carpets,4185
baselessness,3066,3055
showerhead,4162,3088,3121
laptop,4340,4335
b complex,4627
dungarees & jumpsuits,4561
al qaida,3066,3055
shift dress,4570,4549
laptob,4340,4335
beach towels,4163
instruct,4207
sleep together,4153
eye brow,3051
dishtowel,4163
endowment,3114,3035,4390
visible panty line,4584
boyishly,4522
clotheswear,4472,4473,4486,4521,4533,4544,4522,4524,4536,4559
dress garment,4570,4549
nail h care,3108
doll hospital,4203
sleep,4621
swimming,3209
submarine,4511
highlighter,3049
eyeballs,4370,3106,4363,3047,3046,3044,4218
basketball team,3882,3198
summeriness,4592
boldness,3071,3137,3058,3062
lap top computer,4340,4335
toes,4387,4416
dz twins,4527,4539
wristwatches,4361,4368
learn,4361,4368,4207
hair types,3093,4360,3134,3133,3100,3099,3098,3097,3130,3094,3129,3128,3127,3103,3102,3124
clickable pens,4372,4365
superlative,4562,4542,4600,4546,4604
size disambiguation,4557
body pillow,4155,4651
upside,4562,4542,4600,4546,4604
flips,4519,2993,4469
hb lead,3041,3051
eternal rest,4621
eye ball,4370,3106,4363,3047,3046,3044,4218
screening,4151,4154,4155,4157
ugliest,4388,3110,3031,3030
bar soap,3087,3120
emollients,3139
young woman,4533
the bar,4114,4115
boyhood,4522
s bikini,3234
togs,4472,4473,4486,4521,4533,4544,4522,4524,4536,4559
base disambiguation,3066,3055
nebuliser,3101,3131
kitchen design,4110,4406
fitness,4503
unaffixed,3064
football rules,3196,3194,3193
full size bed,4151,4149
glacier goggles,4366,4377,4358
looseness,3064
stud earring,4410,4423,4437
legal profession,4114,4115
gonbryn,3051
common salt,3091,3122
blazer,4485
leggings jeggings,4552
hair accessories,4360
the flip disambiguation,4519,2993,4469
shoe sole,2988,4471,4608,2995,4462,4463,4464,4465,4510,4456,4516,4506
equipment.,4115
human toe,4387,4416
materials,4570,4549
base runner,4151
loose,3064
clothingly,4472,4473,4486,4521,4533,4544,4522,4524,4536,4559
dresiarze,4570,4549
brushes combs,3104,3135
backside,4581
si day,3081
blackguard,4509
bedlinen,4153
tshirts,4562,4563,3224,4542,4532,4474
orna dress,4581,4582
sleeping,4621
tech disambiguation,4371,4364
scarf bage,4330,4339
refining salt,3091,3122
vagrant,4470,4520,3022
linen,4149,4406
uglily,4388,3110,3031,3030
gemellology,4527,4539
liner,3046,3040
deodourant,3113,3034
panty line,4584
slippers,2991,4468
control camisole,4585
jumpsuit,4561,4545,4539
bath body,3115,3086
clarence day,3081
nail top base coat,3055
sles,4508,4468,2989
shapewear,4587
family,4175,4165,4265,4203
foot massaging,3083
shaft,4115
loafer,4512,4228
gift,3114,3035,4390
riff,4519,2993,4469
carpeting,4185
memorise,4207
twin sets dungarees,4527
wearingout,4481,4482,4484,4540,3223,4477,4611,4556,4558,4525,4504,4537,4528
spanky pants,4554,4588,4645
jewellery company,4408,4409,4442,4422,4434,4435,4447,4418,4407
belly disambiguation,4510
social role of hair,3093,4360,3134,3133,3100,3099,3098,3097,3130,3094,3129,3128,3127,3103,3102,3124
pagan,4484,4540,4568,4528
wearably,4472,4473,4486,4521,4533,4544,4522,4524,4536,4559
pierced ears,4410,4423,4437
darkness,3047
nap,4621
bath salt soak,3091,3122
wearable,4481,4482,4472,4473,4484,4540,4486,3223,4477,4521,4533,4544,4522,4611,4556,4524,4536,4558,4525,4559,4504,4537,4528
lotions,3090
concealer and corrector,3060
cushions cushion covers,4157
wallets,4331,4338
massaging,3083
size of it,4557
cut offs,4483,4551,4575,4531,3233,4543
roll in the hay,4153
captain bed,4151,4149
jacket crown,4592,4595,4498,3210,4489,4501,4568
winter blah,4492,4595,4596,4477,4599,4567,4556,4525,4537
product disambiguation,3103,3140,3073
human girl,4533
follower of fashion,4409,4435
crude,3090,3127,3097,3083
modular kitchen,4110,4406
wintry,4492,4595,4596,4477,4599,4567,4556,4525,4537
rights,4533
heavy cream,3082,3081,3118,3133,3142,3083
dolls doll houses,4203
belts,4362,4369
article of furniture,4265
fourth toe,4387,4416
eye spots,4470,4520,3022
digitus primus pedis,4387,4416
moisturizing cream,3139
whitening fairness,3074
haver sack,4333,4337,4404
tiddler,2988,3119,2954,4374,4342,4388,4521,4447
bangle,4452,4413,4426,4439
cold process,3087,3120
master of arts in teaching,4185,4160
bath towels,4163
wearsout,4481,4482,4484,4540,3223,4477,4611,4556,4558,4525,4504,4537,4528
punjabi kurta tehmat,4596,4565,4567,4548
gloss disambiguation,3039
bedding sets,4153
ring toe,4387,4416
shorts capris,4543
tops,4562,4600,4546,4604
screen,4151,4154,4155,4157
good sleep in bedroom,4621
fashion statement,4409,4435
ligaments of the h,4074,3108,4075,4329
toymakers,2954,2711,4207
suits & blazers,4485
ocular globe,4370,3106,4363,3047,3046,3044,4218
barefoot deep tissue,3083
parfum,3112,3033
style of dress,4472,4473,4486,4521,4533,4544,4522,4524,4536,4559
topa,3055
precious album,4442,4422
after party,4528
high school basketball,3882,3198
jean fabric,4497,4498,4478
runway,4482,4611
back pack,4333,4337,4404
stud piercing,4410,4423,4437
brass,3071,3137,3058,3062
tool,4115
monozygotic twin,4527,4539
pillows,4155,4651
merchise,3103,3140,3073
structural colour,3128,3098
temple arm,4370,4363
haircloth,3093,4360,3134,3133,3100,3099,3098,3097,3130,3094,3129,3128,3127,3103,3102,3124
cover version,4151,4154,4155,4157
sexy women,4388,3110,3031,3030
raining,4504
watch bracelet,4452,4413,4426,4439
putting on clothes,4472,4473,4486,4521,4533,4544,4522,4524,4536,4559
running,4482,4611
teetotum,4562,4542,4600,4546,4604
snitch,4518,2992,4466
home furnishings,4265
outwear,4481,4482,4484,4540,3223,4477,4611,4556,4558,4525,4504,4537,4528
ethnical,4484,4540,4568,4528
memorize,4207
flick,4519,2993,4469
basketball worldwide,3882,3198
coating,3055
product album,3103,3140,3073
dansneakers,2988,4471,4608,2995,4462,4463,4464,4465,4510,4456,4516,4506
requirement,4523,4534
pencil,3041,3051
cricketing,3917,3177,3921
cartesian product,3103,3140,3073
h anatomy,4074,3108,4075,4329
manufacture of salt,3091,3122
midsole,2988,4471,4608,2995,4462,4463,4464,4465,4510,4456,4516,4506
blush song,3065
masks protective,3077
uglier,4388,3110,3031,3030
shave disambiguation,3117
h fractures,4074,3108,4075,4329
beauty culture,4388,3110,3031,3030
lip care,3107
ring,3129,3099
hair treatment products,3103
no. 2 pencil,3041,3051
triangular bage,4330,4339
private residence,4175,4165,4265
surgical gown,3138,3072
booksack,4333,4337,4404
hkerchiefs,4502
riveted jeans,4550,4496,4573,4526,4538
tote,4334
not in the spirit of cricket,3917,3177,3921
sneaker,4518,2992,4466
sleep patterns,4621
th toe,4387,4416
massage salon,3083
dining,4110
certified massage therapist,3083
shower curtain,4162,3088,3121
toss,4519,2993,4469
husb pillow,4155,4651
eye,4370,3106,4363,3047,3046,3044,4218
knock off,3117,3116
cartroad,4482,4611
moghul breech,4580,4553
wanted,4442,4422
perfume industry,3112,3033
ln am rhein,3113,3034
carpi radialis brevis,4074,3108,4075,4329
sizing,4557
mattress,4651
talking watch,4361,4368
stiletto blade,4517
highliter,3049,3062
skirt garment,4551,4576,4535
mantrap,4388,3110,3031,3030
baby toe,4387,4416
slumber,4621
musca volitans,4470,4520,3022
custom insoles,2988,4471,4608,2995,4462,4463,4464,4465,4510,4456,4516,4506
personalized gifts,3114,3035,4390
gift note,3114,3035,4390
nail disambiguation,3108,3057,3055,3054,3053
panjabi garment,4596,4565,4567,4548
showers,4162,3088,3121
scrubs disambiguation,3138,3072
shadowiness,3047
brassiere,4583
tennis shoe,4518,2992,4466
pantie,4584
men jewellery,4434
parfume,3112,3033
raiment,4472,4473,4486,4521,4533,4544,4522,4524,4536,4559
extensores carpi radialis longus,4074,3108,4075,4329
schizochroal eye,4370,3106,4363,3047,3046,3044,4218
knickers,4584
pulchritude,4388,3110,3031,3030
compact powder,3059
jazz,4153
towelled,4163
the wash movie,3071,3137
tshert,3224,4542,4532
sleep wear,4529,4541,4586,4554
surprise party,4528
silk rugs,4185
furniture,4265
houses,4203
stripe,4114,4115
unattractive,4388,3110,3031,3030
shirted movement,4497,4530,4564,4476,4600,4546,4505,4604
folding clothes,4472,4473,4486,4521,4533,4544,4522,4524,4536,4559
coloring material,3128,3098
clothe,4472,4473,4486,4521,4533,4544,4522,4524,4536,4559
beautiously,4388,3110,3031,3030
commercial kitchens,4110,4406
face cream,3090
clothedly,4472,4473,4486,4521,4533,4544,4522,4524,4536,4559
low cut socks,4500
whack,4362,4369
fashion trends,4409,4435
portable h held communications inscriber,3041,3051
furniture design,4265
line drive,3046,3040
duplicate,4527,4539
girl,4533
ramp walker,2954,2711,4207
glossary,3039
ugliness,4388,3110,3031,3030
clothing,4481,4482,4472,4473,4484,4540,4486,3223,4477,4521,4533,4544,4522,4611,4556,4524,4536,4558,4525,4559,4504,4537,4528
cuban swich,4511
earrings,4410,4423,4437
furnishing,4148
rings & bands,4443,4411,4424,4438
color,3128,3039,3098
lipstick,3038
summit,4562,4542,4600,4546,4604
perfume,4175,3112,4389,3111,3033,3032
laundry machine,4161
hair gel and cream,3133
nox,3082
topaz,3075
dungarees,4561,4527
cricket sets,3921
prom dress,4570,4549
toys,2954,4207
bangles disambiguation,4452,4413,4426
race,3071,3137
atcvet code qa06ag06,3090,3127,3097,3083
pack disambiguation,3129,3099
sun gravity,3075
submarine swich,4511
drogue,4500
dryshave,3118,3116
way,4409,4435
clofuzid,3125,3095
socks bag,4500
spinning tops,4562,4542,4600,3055,4546,4604
athletics,4608,4609,4465,3223,3176,3175,4516
mascara,3050
f lead pencil,3041,3051
thymine,3224,4542,4532
play,4608,4609,4465,3223,3176,3175,4516
detonator,3210,4501
large number,3129,3099
beuty,4388,3110,3031,3030
plaything,2954,2711,4207
rings bs,4443,4411,4424,4438
brushwood,3104,3069,3135,3043,3052
pillar cle,4176
keister,4581
robert peel,3077
catch,4361,4368
travel safety,4341,4336
summered,4592
brooch,4417
give,3036,3069,3068,3067,3066,3052
spraying disambiguation,3101,3131
sack out,4153
rained,4504
hanky,4502
masseuse,3083
purses & potlis,4331
formal shoes,2995,4464
tomentum,3093,4360,3134,3133,3100,3099,3098,3097,3130,3094,3129,3128,3127,3103,3102,3124
hoody,4488
charcoal pencil,3041,3051
imbue,3091,3122
book sack,4333,4337,4404
human boy,4522
necktie,4499
hump,4153,4627
study,4207
enamel disambiguation,3054
short skirted,4551,4576,4535
vitamin b,4627
bomber,4511
palms of the hs,4074,3108,4075,4329
watch crystal,4361,4368
bath sheet,4163
gain,3036,3069,3068,3067,3066,3052
k. i. d. s.,2988,2954,4374,4342,4388,4521,4447
wee,3036,3069,3068,3067,3066,3052
bubble dress,4551,4576,4535
human foot,3109,3143,3142
ecrb,4074,3108,4075,4329
masking,4151,4154,4155,4157
grip,4340,4330,4341,4342,4332,4334,4335,4336,4326,4327,4328,4339,4329
stiletto,4517
pissup,4528
k.i.d.s.,2988,2954,4374,4342,4388,4521,4447
shirt,4497,4530,3224,4542,4564,4476,4532,4600,4546,4505,4604
wanton,3064
board,4406
stuff,4570,4549
down pillow,4155,4651
dick,4115
horse shampoo,3125,3095
tincture,3047
window shop,4334
baketball,3882,3198
ancient greek jewellery,4408,4409,4442,4422,4434,4435,4447,4418,4407
ankle bracelets,4454,4416
hheld shower,4162,3088,3121
the messenger novel,4339
dody odour,3113,3034
floating policy,4470,4520,3022
rain,4504
laptop bag,4340,4335
gypsie top,3224,4542,4532
rail,4482,4611
inner,4481
learningly,4207
distressed denim,4497,4498,4478
basketball club,3882,3198
basketful,4161
sororal twin,4527,4539
big tennis,3192,3188
non associative learning,4207
solar x ray astronomy,3075
hmade soap,3087,3120
nail enamel,3054
glozed,3039
sluttish,3064
gift sets,3114,3035,4390
circus tent,4562,4542,4600,4546,4604
teashades,4366,4377,4358
anti-aging,3076
whang,4362,4369
b ball,3882,3198
glozes,3039
glove kit,3917,3196
local star,3075
racetrack,4482,4611
chudidaar,4580,4553
electric,3119
foot ball,3196,3194,3193
baselessly,3066,3055
airstream,3071,3137
kreme,3082,3081,3118,3133,3142,3083
playpen,4372,4365
24 hour interval,3081
fizzle,4519,2993,4469
women accessories,4356
body oil and lotion,3090
pillow slip,4361,4155,4651,4368
attention,3109,3108,3107,3106,3124,3143,3075,3094
boron,4627
gelatin,3118,3088,3121
foot dorsum,3109,3143,3142
dizygotic twins,4527,4539
feather pillow,4155,4651
powders,3059,3064
tie disambiguation,4499
equity,3074
digiti pedis,4387,4416
slackettes,4483,4551,4575,4531,3233,4543
fix,3036,3069,3068,3067,3066,3052
track disambiguation,4482,4611
long skirted,4551,4576,4535
peeper organ,4370,3106,4363,3047,3046,3044,4218
make water,3036,3069,3068,3067,3066,3052
flip flops,4519,2993,4469
overcharge,3091,3122
human feet,3109,3143,3142
gang,3129,3099
accoutrement,3192,4371,3092,4492,4360,4471,4164,4374,4364,4486,4355,3123,4609,3069,4114,4356,4357,4599,4524,4645,4536,4559
peach,4388,3110,3031,3030
textile,4570,4549
posterior,4581
dresses & tunics,4601,4605
have it off,4153
twynne,4527,4539
summerlike,4592
bed furniture,4151,4149
pale breasts,3234
tabular array,4406
fingerless gloves,3917,3196
cherished,4442,4422
eye invertebrate,4370,3106,4363,3047,3046,3044,4218
foot fractures,3109,3143,3142
bar accessories,4114
brushes and combs,3104,3135
bs,4443,4411,4424,4503,4438,4627
bellies,2994
wedge heel,4511
groundwork,3109,3143,3066,3055,3142
browning automatic rifle,4114,4115
polo mallet,4474,4532
foot,3109,3143,3066,3055,3142
sal footwear,4508,4468,2989
precious song,4442,4422
charge,3109,3108,2997,3107,3106,3124,4467,3143,4514,3075,3094
sanitizers,4074,4075
alternate,4519,2993,4469
riffle,4519,2993,4469
face wash,3071,3137,3079
ed muscle,4074,3108,4075,4329
pouf sleeve,4340,4335
adhesive wear material,4481,4482,4484,4540,3223,4477,4611,4556,4558,4525,4504,4537,4528
h heel,4074,3108,4075,4329
drifter,4470,4520,3022
antique rug,4185
gibbosity,4627
girls clothing,4533
ingroup,3129,3099
pocket fold,4502
font,3071,4361,3137,3058,4368,3062
essential,4523,4534
guinea pig,4361,4368
shower stall,4162,3088,3121
girls,4533
do,3036,3069,3068,3067,3066,3052
heel of the h,4074,3108,4075,4329
cricket clubs,3917,3177,3921
observe,4361,4368
body hair,3093,4360,3134,3133,3100,3099,3098,3097,3130,3094,3129,3128,3127,3103,3102,3124
caare,3070,3078,3143,3075,3141,3085,3094,3109,3108,3107,3106,3136,3124
garment,4472,4473,4486,4521,4533,4544,4522,4524,4536,4559
light touch,3104,3069,3135,3043,3052
iron boot,2997,4467,4514
body massager,3083
trackwear & nightwear,4529,4541
lehengha,4571
douse,3091,3122
baksetball,3882,3198
stages of sleep,4621
es,4528
sweatb hat,4501
baseball glove,3917,3196
bags disambiguation,4340,4330,4341,4342,4334,4335,4336,4326,4327,4328,4339,4329
phantom,3047
wash disambiguation,3071,3137
hairbs,3093,4360,3134,3133,3100,3099,3098,3097,3130,3094,3129,3128,3127,3103,3102,3124
sports equipment,3176
take in,4361,3036,3069,3068,3067,4368,3066,3052
chudidar,4580,4553
garb,4570,4560,4545,4601,4535,4549,4605
loose powder,3064
have intercourse,4153
necessity,4523,4534
denims,4478
vamp shoe,2988,4471,4608,2995,4462,4463,4464,4465,4510,4456,4516,4506
belt ammunition,4362,4369
loveliness,3074
clash,3104,3069,3135,3043,3052
games called football,3196,3194,3193
ft,3109,3143,3142
precaution,3109,3108,3107,3106,3124,3143,3075,3094
clasp,4332
oily,3090,3127,3097,3083
thenal,4074,3108,4075,4329
dine,4110
oils,3090,3127,3097,3083
ring disambiguation,4443,4411,4424,4438,4416
massage cream and oils,3083
gaud,4452,4413,4426
ga,4370,3106,4363,3047,3046,3044,4218
cream food,3082,3081,3118,3133,3142,3083
blondness,3074
gestation,4558
covert,4151,4154,4155,4157
tetraiodothyronine,3224,4542,4532
covers,4151,4154,4155,4157
cricket games,3917,3177,3921
swimming caps,3210
mididress,4570,4549
cover song,4151,4154,4155,4157
political party,4528
trimmer disambiguation,3119
broken h,4074,3108,4075,4329
fusee,3063
wedges,4511
form,3036,3069,3068,3067,3066,3052
pulverulence,3059,3064
semiidentical twins,4527,4539
baseball mitt,3917,3196
phantasm,3047
bras disambiguation,4583
underbodice,4585
presents,3114,3035,4390
city of cologne,3113,3034
lookout man,4375,4367,4359
excrescence,4627
bottom of the inning,4581
carpet industry,4185
hs,4074,3108,4075,4473,4462,4434,4357,3110,4328,4329
foot taboo,3109,3143,3142
day duration,3081
pale breast,3234
dresses jumpsuits,4545
flip up glasses,4366,4377,4358
raging kegger,4528
palettised,4218
accouterment,4371,4492,4471,4472,4374,4473,4355,3123,4609,4521,4544,4522,4524,4645,3192,3092,4360,4164,4364,4486,3069,4114,4356,4533,4357,4599,4536,4559
druff shampoo,3125,3095
bathroom,3091,4164,3115,4159,3122,3086,4160
leging,4606,4552,4578,4602
labia oris,3107,3039,3037,3043,3042,3041,3040
crude oil,3090,3127,3097,3083
summerers,4592
ointment,3082,3081,3118,3133,3142,3083
study of twins,4527,4539
nebulizer,3101,3131
fry,2988,3119,2954,4374,4342,4388,4521,4447
traditional,4418
selvedge denim,4497,4498,4478
supplement,3192,4371,3092,4492,4360,4471,4164,4374,4364,4486,4355,3123,4609,3069,4114,4356,4357,4599,4524,4645,4536,4559
floormat,4185,4160
pedestal,3066,3055
semblance,3128,3039,3098
unicycle basketball,3882,3198
carpetlaying,4185
bauble,4452,4413,4426
h muscles,4074,3108,4075,4329
about hair,3093,4360,3134,3133,3100,3099,3098,3097,3130,3094,3129,3128,3127,3103,3102,3124
link chain,4441
do it,4153
solar atmosphere,3075
open kitchen,4110,4406
pelage hair,3093,4360,3134,3133,3100,3099,3098,3097,3130,3094,3129,3128,3127,3103,3102,3124
hindquarters,4581
after disambiguation,3117
dwellinghouse,4203
the bags disambiguation,4340,4330,4341,4342,4334,4335,4336,4326,4327,4328,4339,4329
vest,4494
draw,3036,3069,4499,3068,3067,3066,3052
knap sacks,4333,4337,4404
st album,4176
sport culture,4608,4609,4465,3223,3176,3175,4516
novelty pen,4372,4365
pavada,4571
origin of hair,3093,4360,3134,3133,3100,3099,3098,3097,3130,3094,3129,3128,3127,3103,3102,3124
herkerchief,4502
tv fold,4502
fun,4608,4609,4465,3223,3176,3175,4516
ln,3113,3034
bottoms dupatta sets,4581
pants,4480,4606,4550,4572,4479,4602,4526,4538
make-up brushes and accessories,3069
picket,4375,4367,4359
night cream,3082
birthday party,4528
tooshie,4581
locket,4440
washables,4161,3071,3137
skirt,4551,4576,4203,4535
maternity,4558
me,3082,3081,3118,3133,3142,3083
correctores romani,3060
salt crystals,3091,3122
kurtas & kurtis,4565
bedspreads comforters,4153
shaving accessories,3118,3116
ethnic jackets,4568
shorts skirts,4551
clench,4332
mt,3224,4542,4532
stilletto knives,4517
schematic,4480,2995,4464,4505
anaxyrides,4480,4606,4550,4572,4479,4602,4526,4538
plus,4557
puff,4152
coat,3055
small fry,2988,3119,2954,4374,4342,4388,4521,4447
dish,4340,4330,4341,4342,4388,3110,3031,3030,4334,4335,4336,4326,4327,4328,4339,4329
carpet fitter,4185
houseing,4203
football group of sports,3196,3194,3193
maxiskirt,4551,4576,4535
panty,4584
cologne water,3113,3034
kitchen layout,4110,4406
kits disambiguation,3092,3123,3141,3085
cleansers,3079
seam,4151,4149
trouser,4480,4606,4550,4572,4479,4602,4526,4538
oil,3090,3127,3097,3083
peeptoes,4513
ethnic party wear,4528
hear,4207
partying,4528
surprise birthday parties,4528
nail top and base coat,3055
determine,4361,4368,4207
sports,4608,4609,4465,3223,3176,3175,4516
leather gloves,3917,3196
lehengas,4571
pendent,4440,4414,4428
farm toy,2954,2711,4207
cock,4115
aroma,4175,3112,4389,3111,3033,3032
pullovergarment,4593,4487
pagoda sleeve,4340,4335
shirtings,4497,4530,4564,4476,4600,4546,4505,4604
burnish,3039
male child,4522
slim skirt,4551,4576,4535
long earrings,4410,4423,4437
blue jean,4550,4496,4573,4497,4498,4478,4526,4538
twin birth,4527,4539
colloidal gel,3118,3088,3121
number 2 pencil,3041,3051
bed covers & runners,4151
galvanic,3119
fraternal twin,4527,4539
clean shaving,3118,3116
sun characteristics,3075
blue runner,4151
enamelled,3054
seat,4581
sign of the zodiac,4203
rg,3128,3098
guardianship,3109,3108,3107,3106,3124,3143,3075,3094
t shirt,4562,4563,3224,4542,4532,4474
compact disambiguation,3059
mutant,4608,4609,4465,3223,3176,3175,4516
equipment disambiguation,3102,3134,3176
extensor carpus ulnar,4074,3108,4075,4329
waistcoat,4494
belly,2994,4510
fitted point sleeve,4340,4335
activity,4207
essential album,4523,4534
floaters,4470,4520,3022
denim jackets,4497,4498,4478
cushions & cushion covers,4157
pileus,3210,4501
sb,4443,4411,4424,4503,4438
bodiness,3090,3115,3086
messenger service,4339
covenant,3059
heel,4509
pecker,4115
carpet layer,4185
twenty four hours,3081
caution,3109,3108,3107,3106,3124,3143,3075,3094
the bags,4340,4330,4341,4342,4334,4335,4336,4326,4327,4328,4339,4329
st,3066,3055
cut off shorts,4483,4551,4575,4531,3233,4543
social event,4528
necessary,4523,4534
farm toys,2954,2711,4207
face cover,3077
compact diplomacy,3059
carpet making,4185
jeans shorts,4483,4551,4575,4531,3233,4543
gay ear,4410,4423,4437
exhibitioner,4162,3088,3121
women clothing,4544
pen ink drawing,4372,4365
baseless,3066,3055
toy doll,4203
in winter,4492,4595,4596,4477,4599,4567,4556,4525,4537
hoagie,4511
bottom disambiguation,4581
masks theatre,3077
fashion sense,4409,4435
robotic eye,4370,3106,4363,3047,3046,3044,4218
high impact soap,3087,3120
fitness guide,4503
sanitizer,4074,4075
up,3036
watch sunglass cases,4361,4368
treated,3103,3057,3140,3073
animal eyes,4370,3106,4363,3047,3046,3044,4218
wedge shape,4511
toe box,2988,4471,4608,2995,4462,4463,4464,4465,4510,4456,4516,4506
tyke,2988,3119,2954,4374,4342,4388,4521,4447
shadowiest,3047
foam mattress,4651
the protector,4651
vrhnje,3082,3081,3118,3133,3142,3083
clique,3129,3099
second toe,4387,4416
cuff link,4499
know,4153
bolster,4156
coln,3113,3034
hankerchief,4502
solution chemistry,3078
sweatshirts hoodies,4488
divan disambiguation,4156
toyline,2954,2711,4207
therapeutic massage,3083
extensor digitorum muscle of hs,4074,3108,4075,4329
bath salt and soak,3091,3122
catapult,4330,4339
screw,4153
solar day,3081
cases,4361,4368
removal disambiguation,3093
sprayer,3101,3131
homemade soap,3087,3120
teach,4207
padded vest,4494
nursing home,4175,4165,4265
wearing out,4481,4482,4484,4540,3223,4477,4611,4556,4558,4525,4504,4537,4528
orni,4581,4582
mouches volantes,4470,4520,3022
solar glare,3075
promiscuous,3064
dame,4551,4576,4203,4535
accessory,3192,4371,3092,4492,4360,4471,4164,4374,4364,4486,4355,3123,4609,3069,4114,4356,4357,4599,4524,4645,4536,4559
chunari,4581,4582
h cream,3090
designer sunglasses,4366,4377,4358
party party,4528
chains,4441
loosing,3064
edible salt,3091,3122
fuzzy socks,4500
on the loosep,3064
type,4361,4368
toy dog,2954,2711,4207
types of massages,3083
extensor carpi radialis longus,4074,3108,4075,4329
concordat,3059
asleep,4621
basketballer,3882,3198
souse,3091,3122
nails,3108,3057,3055,3054,3053
shadower,3047
types of hats,4501
typeface,3071,4361,3137,3058,4368,3062
comb,3104,3135
stereo glasses,4370,4363
chock,4511
fabric,4570,4549
venter,2994,4510
beachwear,4590
metrical foot,3109,3143,3142
quinolor,3125,3095
vagabond,4470,4520,3022
house architecture,4203
robes,4163
snitcher,4518,2992,4466
messenger album,4339
extensor pollicis,4074,3108,4075,4329
tools,4115
dominicus,3075
gel,3118,3088,3121
watch out,4361,4368
creams,3082,3081,3118,3133,3142,3083
get,3036,3069,3068,3067,3066,3052
dark,3082,3047
course,4482,4611
twinship,4527,4539
timeworn,4481,4482,4484,4540,3223,4477,4611,4556,4558,4525,4504,4537,4528
the psychology of giving gifts,3114,3035,4390
precious,4442,4422
cook,3036,3069,3068,3067,3066,3052
inner wear sleepwear,4481
si days,3081
loafers,4512,4228
inner circle,3129,3099
carpet binding,4185
toners,3080
skin serums,3084
ogonbryn,3051
modest clothing,4472,4473,4486,4521,4533,4544,4522,4524,4536,4559
eye floater,4470,4520,3022
putz,4115
dilute solution,3078
dress,4570,4560,4545,4601,4535,4549,4605
mangalsutra,4415,4429
hardening,4581,4153,4156,3035,4390,3114,4412,4588,4566,4425,4414,3921,4548,4527,4428,4539
bottoml,4581
chapeau,4501
dresy,4570,4549
bottoms,4581
hooded top,4488
telephone shower,4162,3088,3121
indian jewellery,4408,4409,4442,4422,4434,4435,4447,4418,4407
maxidress,4570,4549
create,3036,3069,3068,3067,3066,3052
blow,4627
massage,3083
houseshoe,2991,4468
adhesive wear,4481,4482,4484,4540,3223,4477,4611,4556,4558,4525,4504,4537,4528
like,3070,3136,3078,3141,3085
drapes,4162,4158
home base,4175,4165,4265
activiti,4207
flopping,4519,2993,4469
treasured,4442,4422
ground,3063
activeness,4207
lahenga,4551,4576,4535
link,4499
shampoo for horses,3125,3095
hero,4511
rain water,4504
trappings,4148
wedge disambiguation,4511
afro pick,3104,3135
peeling,3077
skin cell,3070,3136,3078,3141,3140,3085,3073,3084
twins human,4527,4539
colour pencil,3041,3051
d t shirt,3224,4542,4532
salinity,3091,3122
polos & tees,4474
lustrelessness,4185,4160
travel wallet,4331,4338
habitation,4175,4165,4265
ginmill,4114,4115
inactivity,4207
pencil graphite,3041,3051
follow,4361,4368
onassis glasses,4366,4377,4358
h sanitizers,4074,4075
washing,4161,3071,3137
shirted,4497,4530,4564,4476,4600,4546,4505,4604
sprays,3101,3131
summercater,4608,4609,4465,3223,3176,3175,4516
knee socks,4500
tie beam,4499
sagol kangjei,4474,4532
bath sheets,4163
partiers,4528
solidifying,4581,4153,4156,3035,4390,3114,4412,4588,4566,4425,4414,3921,4548,4527,4428,4539
twins,4527,4539
sister,4523,4534
pedis,3109,3143,3142
sunglasses,4366,4377,4358
upwardly,3036
cour,3074
fashionable,4409,4435
pillow & pillow covers,4155
thomas kyd,2988,2954,4374,4342,4388,4521,4447
sun care and anti-tan,3075
clutch,4332
hotpants,4483,4551,4575,4531,3233,4543
electric shaver,3119
hand sanitizers,4074,4075
primers,3063
diwan disambiguation,4156
dresiarz,4570,4549
eye liner,3046
heathen,4484,4540,4568,4528
character shoe,2988,4471,4608,2995,4462,4463,4464,4465,4510,4456,4516,4506
polo sport,4474,4532
alkali,3066,3055
fish scales earrings,4410,4423,4437
gym mat,4185,4160
georgia home boy,3087,3120
phantasma,3047
piece of furniture,4265
the others,4606,4602
sets,4581,4153,4156,3035,4390,3114,4412,4588,4566,4425,4414,3921,4548,4527,4428,4539
sport cricket,3917,3177,3921
dwelling house,4175,4165,4265
football tee,4474,4563,4600,4546,4604
womans sal,4508,4468,2989
backtalk,3107,3039,3037,3043,3042,3041,3040
flip disambiguation,4519,2993,4469
swimming costume,3231
make up base,3066
lips,3107,3039,3037,3043,3042,3041,3040
seth,4581,4153,4156,3035,4390,3114,4412,4588,4566,4425,4414,3921,4548,4527,4428,4539
pocketbook,4340,4330,4341,4331,4342,4334,4335,4336,4326,4338,4327,4328,4339,4329
days,3081
short sleeve,4340,4335
necklaces & necklace sets,4412,4425
faces,3071,3137,3058,3062
toy box,2954,2711,4207
wicketkeeping,3917,3177,3921
prominence,4627
liberal,3064
antiperspirants,3113,3034
fragrances,4175,4389,3111,3032
cleaning lotions,3090
sassing,3107,3039,3037,3043,3042,3041,3040
pen drawing,4372,4365
wish,3070,3136,3078,3141,3085
tiered skirt,4551,4576,4535
shaving rash,3118,3116
relieve oneself,3036,3069,3068,3067,3066,3052
dresses tunics,4601,4605
lip carcinoma,3107,3039,3037,3043,3042,3041,3040
cuttie,3224,4542,4532
camis,4585
the wash film,3071,3137
toy making,2954,2711,4207
long drawers,4580,4553
floating point operation,4519,2993,4469
fitness bs,4503
rear end,4581
human beauty,4388,3110,3031,3030
turkish towel,4163
pee pee,3036,3069,3068,3067,3066,3052
dresses & skirts,4535
present giving,3114,3035,4390
seminole textiles,4152
sports accessories,4609
eubstance,3090,3115,3086
creature,4115
child,2988,3119,2954,4374,4342,4388,4521,4523,4534,4447
men clothing,4473
bed covers runners,4151
germany,3113,3034
twin pregnancies,4527,4539
mattress & pillow protector,4651
instrument,4115
eau de cologne,3113,3034
primer coat,3063
extensor digiti quinti proprius,4074,3108,4075,4329
passinga,4463,4476,4479
duvet cover,4154
disambiguation,3060,4176,3123,3122,3086,3083,3119,3118,3115,3113,3135,3092,3091,3090,3112,3034,3133,3033,3077,3055,3075,3074,3108,3104,3069
kurtas suit sets,4548
twina,4527,4539
pinky toe,4387,4416
dissolved water,3078
hot process,3087,3120
peak,4562,4542,4600,4546,4604
quietus,4621
flea comb,3104,3135
winter clothing,4472,4473,4486,4521,4533,4544,4522,4524,4536,4559
hat bs,4501
pinnacle,4562,4542,4600,4546,4604
foot anatomy,3109,3143,3142
twinned,4527,4539
moisturiser,3139
sopor,4621
dustcloth,4163
giftware,3114,3035,4390
christmas present,3114,3035,4390
compound eye,4370,3106,4363,3047,3046,3044,4218
heathenish,4484,4540,4568,4528
hair bud,3093,4360,3134,3133,3100,3099,3098,3097,3130,3094,3129,3128,3127,3103,3102,3124
electric shavers trimmers,3119
hair removal,3093
smuggler,4151
pee,3036,3069,3068,3067,3066,3052
chapiter,3210,4501
variations in hair colour,3093,4360,3134,3133,3100,3099,3098,3097,3130,3094,3129,3128,3127,3103,3102,3124
trimmers,3119
bathtowel,4163
men shoes,4462
bump,4627
pen,4372,4365
pendants lockets,4440
pes,3109,3143,3142
hair packs,3129,3099
stage set,4581,4153,4156,3035,4390,3114,4412,4588,4566,4425,4414,3921,4548,4527,4428,4539
xtreme tennis,3192,3188
fairness disambiguation,3074
giftwares,3114,3035,4390
masks,3077
frenulum labii superioris,3107,3039,3037,3043,3042,3041,3040
s bed,4151,4149
anorak,4490
shadowy,3047
emergency shower,4162,3088,3121
lip mouth,3107,3039,3037,3043,3042,3041,3040
shadows,3047
after film,3117
grievous bodily harm,3087,3120
jersey nightshirt,4554,4588,4645
courtly,4480,2995,4464,4505
bochanrr,4581,4582
locomotion,4341,4336
ring novel,4443,4411,4424,4438,4416
sodium cocoato,3087,3120
shaved,3118,3116
lip gloss,3039
pierzyna,4154
shaver,2988,3119,2954,4374,4342,4388,4521,4447
peep,4387
langa garment,4571
straight hair,3093,4360,3134,3133,3100,3099,3098,3097,3130,3094,3129,3128,3127,3103,3102,3124
tie in,4499
color science,3128,3098
twin biological,4527,4539
make believe,3036,3069,3068,3067,3066,3052
metric ton,3224,4542,4532
flip over,4519,2993,4469
salt crystal,3091,3122
peel,3070,3136,3078,3077,3141,3140,3085,3073,3084
peek,4387
garments,4472,4473,4486,4521,4533,4544,4522,4524,4536,4559
book bags,4333,4337,4404
messenger,4339
fifth toe,4387,4416
buns,4581
dietary salt,3091,3122
tops t shirts,4542
trilighter,3049,3062
anklets & toe rings,4416
school fashions,4409,4435
hoop earrings,4410,4423,4437
protective masks,3077
manner,4409,4435
jewellers,4408,4409,4442,4422,4434,4435,4447,4418,4407
suits,4485,4566,4548
give care,3070,3136,3078,3141,3085
masks in theater ritual,3077
cheddi,4483,4551,4575,4531,3233,4543
anklets,4454,4416
bikinitanned,3234
afternoon skirt,4551,4576,4535
sling bags,4330
make love,4153
sneak,4518,2992,4466
sleeping suits,4529,4541,4586,4554
skin cleanser,3079
swam,3210,3209
body lotion,3090
sals slippers,4468
basis,3066,3055
purse disambiguation,4331
wearableness,4472,4473,4486,4521,4533,4544,4522,4524,4536,4559
chick,4551,4576,4203,4535
colouration,3128,3098
girlfriend,4533
cleaning woman,4408,4356,4544,4327,3031,4506
corrector provinciae,3060
counterpane bedding,4152
formal shirts,4505
pencil lead,3041,3051
udder,4340,4330,4341,4342,4334,4335,4336,4326,4327,4328,4339,4329
dry highlighter,3049,3062
first digit,4387,4416
surprise birthday party,4528
causa,4361,4485,4368,4566,4548
abdomen,2994,4510
emolliant,3139
cause,4361,4485,3036,3069,3068,3067,4368,4566,3066,3052,4548
tunica,4601,4547,4605
koln,3113,3034
ties,4499
turn in,4153
bust,4519,2993,4469
blue jeans,4550,4496,4573,4526,4538
elevation,4562,4542,4600,4546,4604
burn,3075
enamels,3054
stoff,4499
long toe,4387,4416
jewellery,4408,4409,4442,4422,4434,4435,4447,4418,4407
laptop bags & sleeves,4340,4335
tunics,4601,4547,4605
kids accessories,4374
salt food,3091,3122
lippy,3038
b vitamin,4627
s orbit,3075
pelt,3070,3136,3078,3141,3140,3085,3073,3084
foot type,3109,3143,3142
cufflinks,4499
discussion,3103,3057,3140,3073
electric shavers and trimmers,3119
types of massage,3083
jean disambiguation,4550,4496,4573,4526,4538
hero swich,4511
jean given name,4550,4496,4573,4526,4538
matrace,4651
perfumed,3112,3033
st disambiguation,4176
perfumes,3112,3033
meggings,4606,4552,4578,4602
interchange,4519,2993,4469
leggings & others,4606,4602
basketware,4161
bump b,4627
s basketball,3882,3198
hydrogels,3118,3133,3088,3121
liquid soap,3087,3120
gunpowder,3059,3064
men bags,4328
orbit of the sun,3075
induce,3036,3069,3068,3067,3066,3052
industrial kitchen,4110,4406
recreational sport,4608,4609,4465,3223,3176,3175,4516
golf tee,4474,4563,4600,4546,4604
pullover garment,4593,4487
parish top,4562,4542,4600,3055,4546,4604
trimming capacitor,3119
pallette,4218
circle,4581,4153,4156,3035,4390,3114,4412,4588,4566,4425,4414,3921,4548,4527,4428,4539
face highlighter,3062
butt,4581
perinola,4562,4542,4600,3055,4546,4604
digital watch,4361,4368
history of solar observation,3075
innerwear,4524,4536
fount,3071,4361,3137,3058,4368,3062
larn,4207
chooridaar,4580,4553
shaveling,4522
grazing,3118
nipper helper,4522
concealer corrector,3060
ware,3103,3140,3073
origins of hair,3093,4360,3134,3133,3100,3099,3098,3097,3130,3094,3129,3128,3127,3103,3102,3124
giving,3114,3035,4390
pens,4372,4365
colors,3128,3098
history of hair,3093,4360,3134,3133,3100,3099,3098,3097,3130,3094,3129,3128,3127,3103,3102,3124
spring clothing,4472,4473,4486,4521,4533,4544,4522,4524,4536,4559
suit of clothes,4485,4566,4548
toy manufacturer,2954,2711,4207
rain wear,4504
dolman sleeve,4340,4335
to suijutsu,3210,3209
anti aging,3076
intimate,4481
knap sack,4333,4337,4404
organized sport,4608,4609,4465,3223,3176,3175,4516
trousers & jeans,4550
arse,4581
curly hairs,3093,4360,3134,3133,3100,3099,3098,3097,3130,3094,3129,3128,3127,3103,3102,3124
radix,3066,3055
baths,3091,4164,3115,4159,3122,3086,4160
realise,3036,3069,3068,3067,3066,3052
top of the inning,4562,4542,4600,4546,4604
miniature,2954,2711,4207
polos tees,4474
backwash,3071,3137
quadrachromic pencil,3041,3051
slider,2991,4468
plates of meat,3109,3143,3142
woreout,4481,4482,4484,4540,3223,4477,4611,4556,4558,4525,4504,4537,4528
arrive at,3036,3069,3068,3067,3066,3052
granny dress,4570,4549
easy lay,3087,3120
hat,4501
light pencil,3041,3051
continental quilt,4154
realize,3036,3069,3068,3067,3066,3052
shaving gel cream,3118
brush,3104,3069,3135,3043,3052
sun star,3075
wash,4161,3071,3137
base of operations,3066,3055
measure,4114,4115
making soap,3087,3120
vestige,3047
silk knot,4499
tike,2988,3119,2954,4374,4342,4388,4521,4447
masquerade party,3077
sling disambiguation,4330,4339
swim,3210,3209
taproom,4114,4115
top spinning,4562,4542,4600,3055,4546,4604
saltmaking,3091,3122
kitchen isl,4110,4406
cranial release technique,3083
summer like,4592
thicket,3104,3069,3135,3043,3052
fossil oil,3090,3127,3097,3083
jean jacket,4497,4498,4478
extrusion,4627
suisare,4528
sports wear,3223
history of football games,3196,3194,3193
drop down curtain,4162,4158
basketball game,3882,3198
winter jackets,4595
tool user,4115
colour,3128,3039,3098
bikini underwear,3234
history of football,3196,3194,3193
meteorological winter,4492,4595,4596,4477,4599,4567,4556,4525,4537
infrastructure,3066,3055
lappy,4340,4335
extrait de parfum,3112,3033
sun glasses,4366,4377,4358
pinky toes,4387,4416
shadow,3047
pack sack,4333,4337,4404
rubric,3039
paring,3118
hydrogen,4074,3108,4075,4329
infant,4523,4534
tooth enamel,3054
lunar pendant,4440,4414,4428
wintertime,4492,4595,4596,4477,4599,4567,4556,4525,4537
moghul breeches,4580,4553
clothing accessories innerwear,4524,4536
2 pencil,3041,3051
jackets,4592,4595,4498,4489,4568
coloring,3128,3098
torpedo,4511
insouciant,4463,4476,4479
big toe,4387,4416
funny t shirts,3224,4542,4532
ear ring,4410,4423,4437
kids bags,4342
outsole,2988,4471,4608,2995,4462,4463,4464,4465,4510,4456,4516,4506
perfunctory,4463,4476,4479
hydrogel,3118,3133,3088,3121
light,3064
sports fitness,4608,4609,4465,3223,3176,3175,4516
big top,4562,4542,4600,4546,4604
bun huggers,4483,4551,4575,4531,3233,4543
salwear,4508,4468,2989
baskets,4161
make-up,3036
athletic activity,4608,4609,4465,3223,3176,3175,4516
nosepins,4432
rain storm,4504
layer,4151,4149
upper side,4562,4542,4600,4546,4604
paleness,3074
crimson,3065
finger muscles,4074,3108,4075,4329
parish tops,4562,4542,4600,3055,4546,4604
clothable,4472,4473,4486,4521,4533,4544,4522,4524,4536,4559
double button,4499
tenniz,3192,3188
nipper,2988,3119,2954,4374,4342,4388,4521,4447
theme,3066,3055
wintrier,4492,4595,4596,4477,4599,4567,4556,4525,4537
flip out,4519,2993,4469
smash,4362,4369
jeans kurta,4596,4565,4567,4548
mathematical product,3103,3140,3073
the flip,4519,2993,4469
tinted glasses,4366,4377,4358
torso,3090,3115,3086
covers album,4151,4154,4155,4157
women bags,4327
basketball net,3882,3198
make-up kit,3067
tennis,3192,3188
kids clothing,4521
backrub,3083
char,4408,4356,4544,4327,3031,4506
hair comb,3104,3135
travel,4341,4336
gypsy top,3224,4542,4532
whitenings,3074
trinket,4452,4413,4426
dance shoe,2988,4471,4608,2995,4462,4463,4464,4465,4510,4456,4516,4506
solidification,4581,4153,4156,3035,4390,3114,4412,4588,4566,4425,4414,3921,4548,4527,4428,4539
bikini tanning,3234
midi skirt,4551,4576,4535
stomach,2994,4510
set point tennis,3192,3188
salwar,4580,4553
traveler oriented business,4341,4336
hit,3036,3069,3068,3067,3066,3052
gifters,3114,3035,4390
pruner,3119
sleeping place,4621
beau,4583
accessories kits,3092,3123
colour pencils,3041,3051
hallux,4387,4416
hock,3091,3122
tack,4519,2993,4469
haver sacks,4333,4337,4404
straight leg jeans,4550,4496,4573,4526,4538
garment industry,4472,4473,4486,4521,4533,4544,4522,4524,4536,4559
stimulate,3036,3069,3068,3067,3066,3052
coxcomb,3104,3135
soak,3091,3122
scorecard cricket,3917,3177,3921
brake shoe,4471
soap,3087,3120
maturate,3076
office furniture,4265
material disambiguation,4570,4549
shalwar,4580,4553
curtains sheers,4158
chelier,4440,4414,4428
bathing tub,3091,4164,3115,4159,3122,3086,4160
world richest cricketers,3917,3177,3921
s wallet,4331,4338
italian swich,4511
care disambiguation,3070,3078,3143,3075,3141,3085,3094,3109,3108,3107,3106,3136,3124
big toes,4387,4416
perfumedly,3112,3033
laptop pc,4340,4335
palm of h,4074,3108,4075,4329
jorts apparel,4483,4551,4575,4531,3233,4543
basketballs,3882
look on,4361,4368
compact car,3059
ecuadorian polo,4474,4532
hle,3070,3136,3078,3141,3085
ceiling,3210,4501
eye membrane,4370,3106,4363,3047,3046,3044,4218
college bop,4528
outsoles,2988,4471,4608,2995,4462,4463,4464,4465,4510,4456,4516,4506
festive,4528
clear,3036,3069,3068,3067,3066,3052
kitchen dining,4110
encounter,3104,3069,3135,3043,3052
basket ball,3882,3198
deodorant health effects,3113,3034
double button cufflinks,4499
sock,4500
gypsy tops,3224,4542,4532
wear physics,4481,4482,4484,4540,3223,4477,4611,4556,4558,4525,4504,4537,4528
valued,4442,4422
deep tissue massage,3083
california king bed,4151,4149
domicile,4175,4165,4265
protector disambiguation,4651
wristb,4452,4413,4426,4439
suit disambiguation,4485,4566,4548
bodily process,4207
schoolbag,4333,4337,4404
eau de parfum,3112,3033
welcome mat,4185,4160
skimming,3118
jeweller,4408,4409,4442,4422,4434,4435,4447,4418,4407
bottoms & dupatta sets,4581
lord's day,3075
trim,3117,3116
dry shaving,3118,3116
serge de nimes,4497,4498,4478
learnedness,4207
eau de parfume,3112,3033
aparejo,4115
cracked heels,4509
kids shoes,2988
purses potlis,4331
saloon,4114,4115
football move,3196,3194,3193
brushes,3104,3069,3135,3043,3052
marco polo,4474,4532
extensor brevis pollicis,4074,3108,4075,4329
intoxicate,3091,3122
doona,4154
creme,3082,3081,3118,3133,3142,3083
belly shoes,4510
intrinsic h muscles,4074,3108,4075,4329
pack sacks,4333,4337,4404
interior,4481
underclothing,4493
wintriest,4492,4595,4596,4477,4599,4567,4556,4525,4537
peter,4115
chler profession,4176
bookbags,4333,4337,4404
simple eye,4370,3106,4363,3047,3046,3044,4218
back talk,3107,3039,3037,3043,3042,3041,3040
hickory cloth,4497,4498,4478
oculus,4370,3106,4363,3047,3046,3044,4218
sweatshirt,4593,4594,4487,4488
hybrid laptops,4340,4335
sarees dress material,4549
gourmette chain,4452,4413,4426,4439
window shopping,4334
daisy dukes clothing,4483,4551,4575,4531,3233,4543
tail,4581,3047
brooches,4417
kitchens,4110,4406
tops disambiguation,4562,4542,4600,4546,4604
jewlery,4408,4409,4442,4422,4434,4435,4447,4418,4407
answer,3078
washcloth,4163
cup of tea,4340,4330,4341,4342,4334,4335,4336,4326,4327,4328,4339,4329
pissing it down,4504
waking up,4621
serum,3084
purse,4340,4330,4341,4331,4342,4334,4335,4336,4326,4327,4328,4339,4329
bulge,4627
massage in china,3083
hold,4332,3036,3069,3068,3067,3066,3052
trail,4482,4611
windcheaters,4490
swimwear,3231
track wear,4482,4611
underwear,4493
toy industries,2954,2711,4207
the boot,2997,4467,4514
beer party,4528
ink sketch,4372,4365
massage cream oils,3083
sporting events,4608,4609,4465,3223,3176,3175,4516
dolls & doll houses,4203
animal slipper,2991,4468
bikini tan,3234
phalangeal joints of h,4074,3108,4075,4329
bedsheets,4150
shoe upper,2988,4471,4608,2995,4462,4463,4464,4465,4510,4456,4516,4506
pantsu,4584
take,3036,3069,3068,3067,3066,4207,3052
pass water,3036,3069,3068,3067,3066,3052
wind sleeve,4500
midiskirt,4551,4576,4535
casual shirts,4476
intimate apparel,4554,4588,4645
muscles of the feet,3109,3143,3142
bobbysocks,4454,4416
nail and hand care,3108
traditional jewellery,4418
adult female,4408,4356,4544,4327,3031,4506
slings,4330,4339
shorts & skirts,4551
cursory,4463,4476,4479
trimmer joist,3119
bangles bracelets,4452,4413,4426
after...,3117
ecu muscle,4074,3108,4075,4329
deodorants colognes,3113,3034
pair of glasses,4370,4363
be intimate,4153
neck chain,4412,4425
championship point,3192,3188
dresses & jumpsuits,4545
pulverization,3059,3064
bottie,4581
soln,3078
tracks,4482,4611
home,4175,4165,4265,4203,3066,3055
detonating device,3210,4501
material,4570,4549
theatre mask,3077
resize,4557
comforter,4152
heat transfer oil,3090,3127,3097,3083
bar punctuation,4114,4115
female child,4533
camisole,4585
basket,4161
household furniture,4265
conjunctival disorders,4370,3106,4363,3047,3046,3044,4218
tables,4406
hook,3091,3122
cuff links,4499
hoop,4161
action,4207
clothing accessories,4486,4559
rim basketball,3882,3198
incomplete list of colors shades,3128,3098
kitcen,4110,4406
clothability,4472,4473,4486,4521,4533,4544,4522,4524,4536,4559
chinese carpets rugs,4185
belt,4362,4369
spinning top,4562,4542,4600,3055,4546,4604
cream,3082,3081,3118,3133,3142,3083
dowse,3091,3122
hood,3210,4501
light whipping cream,3082,3081,3118,3133,3142,3083
organic structure,3090,3115,3086
size changing,4557
party social,4528
stubbed toe,4387,4416
flip flop,4519,2993,4469
massage clinics,3083
colour or color,3128,3098
shaver disambiguation,3119
shielder,4651
t shirt printing,3224,4542,4532
summer,4592
products,3103,3140,3073
trunks,4483,4551,4575,4531,3233,4543
mz twin,4527,4539
deodarant,3113,3034
table & kitchen linen,4406
wooden combs,3104,3135
bent,4581,4153,4156,3035,4390,3114,4412,4588,4566,4425,4414,3921,4548,4527,4428,4539
socks link,4500
b lead,3041,3051
hilighter,3049,3062
neck pillow,4155,4651
back rubs,3083
correcter,3060
trousers film,4480,4606,4550,4572,4479,4602,4526,4538
girlie,4533
night time,3082
dark glasses,4366,4377,4358
konya carpet,4185
sneakers movie,4518,2992,4466
instance,4361,4368
mattress sizes,4651
thrill,2997,4467,4514
digiti quinti,4387,4416
sandals,4508,2989
giglet,4533
drown,3210,3209
base mathematics,3066,3055
fashion industry,4409,4435
solution,3078
towels,4163
moisturizing,3139
sleepwear,4529,4481,4495,4541,4586,4554,4623
muscae volantes,4470,4520,3022
massage therapist,3083
upward,3036
horse polo,4474,4532
hoops,3882,3198
ritual mask,3077
heart,4370,3106,4363,3047,3046,3044,4218
crownwork,4592,4595,4498,3210,4489,4501,4568
caterpillar tread,4482,4611
lap top,4340,4335
bar tools,4115
stiletto knives,4517
conditioner disambiguation,3126,3096
coin pocket wallet,4331,4338
dead body,3090,3115,3086
colur,3128,3098
peep disambiguation,4387
bathing suit,3231
powder compact,3059
curtain,4162,4158
toothlessjoe,4388,3110,3031,3030
registered massage therapist,3083
scrubs,3138,3072
queen sized bed,4151,4149
sheath,4361,4368
petro,3090,3127,3097,3083
handkerchiefs,4502
caranx crysos,4151
fundament,3109,4581,3143,3066,3055,3142
creag,3917,3177,3921
older girl,4533
hous,4203
mesa,4406
flats,4507
kids beauty,4388
step in,4584
cologne germany,3113,3034
number 3 pencil,3041,3051
mascera,3050
b disambiguation,4443,4411,4424,4503,4438,4627
t shirts polos,4532
stern,4581
bump band,4627
fink,4518,2992,4466
conventional,4480,2995,4464,4505
destroyed jeans,4550,4496,4573,4526,4538
eye shadow,3047
idiot mittens,3917,3196
layers of the sun,3075
vanishing cream,3090
theatre,4203
cover,4151,4152,4154,4155,4562,4157,4542,4600,4546,4604
firm,4203
outfit,3092,4472,4473,4486,3123,3067,3141,3085,4521,4533,4544,4522,4524,4536,4559
sliver,3118
hair equipment,3102,3134
nightclothes,4529,4481,4495,4541,4586,4554,4623
world travel,4341,4336
runner,4151
sweatshirts,4593,4594,4487,4488
material album,4570,4549
perfumingly,3112,3033
perfume bottles,3112,3033
spray,3101,3131
jort apparel,4483,4551,4575,4531,3233,4543
inner wear & sleepwear,4481
sleep & loungewear,4621
decorative,4388,3110,3031,3030
belt disambiguation,4362,4369
set album,4581,4153,4156,3035,4390,3114,4412,4588,4566,4425,4414,3921,4548,4527,4428,4539
shower,4162,3088,3121
ommotidium,4370,3106,4363,3047,3046,3044,4218
after album,3117
sports jacket,4485
star sign,4203
dichorionic twin,4527,4539
bring in,3036,3069,3068,3067,3066,3052
technical school,4371,4364
linkup,4499
rugs,4185
free,3064
kids disambiguation,2988,2954,4374,4342,4388,4521,4447
bachelor of science,4443,4411,4424,4503,4438
leggins,4606,4552,4578,4602
high lighter,3049,3062
trousers,4606,4572,4602
wind sock,4500
solar diameter,3075
cart track,4482,4611
independent house,4203
cle use,4176
wristwatch,4361,4368
face,3071,4361,3137,3058,4368,3062
perfumery,3112,3033
household,4175,4165,4265,4203
about watch,4361,4368
legging,4606,4552,4578,4602
heavy whipping cream,3082,3081,3118,3133,3142,3083
rock salt,3091,3122
shrug,4591,4598
add on,3192,4371,3092,4492,4360,4471,4164,4374,4364,4486,4355,3123,4609,3069,4114,4356,4357,4599,4524,4645,4536,4559
inside,4481
watch sun directly,3075
t shirts,3224,4542,4532
polarized sunglasses,4366,4377,4358
jean,4550,4561,4496,4573,4497,4498,4478,4526,4538,4527
short shorts,4483,4551,4575,4531,3233,4543
floor mat,4185,4160
traveling pc,4340,4335
library pencil,3041,3051
zep,4511
gym socks,4500
watch dial,4361,4368
towels robes,4163
wash drawing,3071,3137
boxing glove,3917,3196
audiotrack,4482,4611
sunlike,3075
slept,4621
multibay,4340,4335
lawsuit,4361,4485,4368,4566,4548
gibbousness,4627
long sleeved t shirt,3224,4542,4532
orna garment,4581,4582
bikini tanned,3234
digitus i pedis,4387,4416
koeln,3113,3034
semi identical twins,4527,4539
lip stick,3038
los otros,4606,4602
mansion,4203
jumper,4593,4487
shave,3118,3117,3116
false sleeve,4340,4335
jump suit,4561,4545,4539
jeans & trousers,4526,4538
underside,4581
inebriate,3091,3122
black colour,3128,3098
autumn clothing,4472,4473,4486,4521,4533,4544,4522,4524,4536,4559
milk cream,3082,3081,3118,3133,3142,3083
puggaree,4501
pillow cover,4155,4651
short pants,4483,4551,4575,4531,3233,4543
eye wear,4370,4363
removal,3093
compound eyes,4370,3106,4363,3047,3046,3044,4218
keep an eye on,4361,4368
f. labii superioris,3107,3039,3037,3043,3042,3041,3040
shopping bags & totes,4334
summertime,4592
ca ca,3036,3069,3068,3067,3066,3052
surcharge,3091,3122
book binding,4151,4154,4155,4157
masked,3077
residing,4203
binding,4151,4154,4155,4157
tablet laptop,4340,4335
deoderant,3113,3034
conditioner,3126,3096
prick,4115
rump,4581
mirror twins,4527,4539
mutton sleeve,4340,4335
dresses,4570,4560,4545,4601,4535,4549,4605
dependent,4414,4428
leggings,4606,4552,4578,4602
crest,4562,4542,4600,4546,4604
casual dress,4463,4476,4479
toymaker,2954,2711,4207
men accessories,4357
toy company,2954,2711,4207
shaggy yarn,4185
garments industry,4472,4473,4486,4521,4533,4544,4522,4524,4536,4559
resizing,4557
swelling,4627
sodium tallowate,3087,3120
h soap,3087,3120
massotherapy,3083
bikini bottom,3234
lay down,3036,3069,3068,3067,3066,3052
thumb,4519,2993,4469
cushions,4157
protector,4651
pluviophile,4504
barroom,4114,4115
asian hair,3093,4360,3134,3133,3100,3099,3098,3097,3130,3094,3129,3128,3127,3103,3102,3124
laptop desks,4340,4335
top spun,4562,4542,4600,3055,4546,4604
reading glasses,4370,4363
out wore,4481,4482,4484,4540,3223,4477,4611,4556,4558,4525,4504,4537,4528
dry shave,3118,3116
comeliness,3074
swimming disambiguation,3210,3209
event,4361,4368
moisturising cream,3139
cyber eye,4370,3106,4363,3047,3046,3044,4218
razor burn,3118,3116
sleep requirement,4621
make up brushes accessories,3069
natural covering,4151,4154,4155,4157
multitude,3129,3099
masks in theatre,3077
sweetness,4175,4389,3111,3032
out worn,4481,4482,4484,4540,3223,4477,4611,4556,4558,4525,4504,4537,4528
pendants & lockets,4440
pen ink,4372,4365
digitus minimus pedis,4387,4416
wear out,4481,4482,4484,4540,3223,4477,4611,4556,4558,4525,4504,4537,4528
tricho,3093,4360,3134,3133,3100,3099,3098,3097,3130,3094,3129,3128,3127,3103,3102,3124
tail end,4581
trackpants,4574
typesetter's case,4361,4368
sole shoe,2988,4471,4608,2995,4462,4463,4464,4465,4510,4456,4516,4506
stoolpigeon,4518,2992,4466
animal skin,3070,3136,3078,3141,3140,3085,3073,3084
make-up base,3066
theater,4203
short skirt,4551,4576,4535
sheer disambiguation,4158
gurl,4533
monozygotic twinning,4527,4539
list of flops,4519,2993,4469
drawers,4483,4551,4575,4531,3233,4543
bottom,4151,4581,4149
nice looking,4388,3110,3031,3030
moisturization,3139
kip down,4153
the boys,4522
convertible laptop,4340,4335
blue jean insulation,4550,4496,4573,4526,4538
nates,4581
covered,4151,4154,4155,4157
tegument,3070,3136,3078,3141,3140,3085,3073,3084
twin sets jumpsuits,4539
intervention,3103,3057,3140,3073
pelting,4504
vkini,3234
watch & sunglass cases,4361,4368
coat disambiguation,3055
tie up,4499
indian tunic,4596,4565,4567,4548
eau de toilet,3112,3033
powder,3059,3064
house shoes,2988,4471,4608,2995,4462,4463,4464,4465,4510,4456,4516,4506
whirligig,4562,4542,4600,4546,4604
ocular,4370,3106,4363,3047,3046,3044,4218
trace,3047
galvanizing,3119
bath disambiguation,3091,4164,3115,4159,3122,3086,4160
curly hair,3093,4360,3134,3133,3100,3099,3098,3097,3130,3094,3129,3128,3127,3103,3102,3124
wrist watch,4361,4368
notebook computers,4340,4335
track,4482,4611
get it on,4153
jeans jackets,4497,4498,4478
middle of the night,3082
girls night,4528
rush,2997,4467,4514
half twins,4527,4539
unbreakable comb,3104,3135
toy companies,2954,2711,4207
wee wee,3036,3069,3068,3067,3066,3052
purses,4331
h towel,4163
polo,4474,4532
diwan sets & bolsters,4156
candles and candle stands,4176
sweetheart,4388,3110,3031,3030
roll down curtain,4162,4158
electric razor,3119
toymaking,2954,2711,4207
resolution,3078
inner cover,4151,4154,4155,4157
tees & shirts,4600,4546,4604
score,3036,3069,3068,3067,3066,3052
february blahs,4492,4595,4596,4477,4599,4567,4556,4525,4537
thermal,4491,4597
lingerie & nightwear,4554
have sex,4153
rap,4362,4369
number 4 pencil,3041,3051
raiments,4472,4473,4486,4521,4533,4544,4522,4524,4536,4559
fairly,3074
shaving,3118,3116
passe,4409,4435
cultural,4484,4540,4568,4528
ring album,4443,4411,4424,4438,4416
duvets,4154
toy maker,2954,2711,4207
data track,4482,4611
scrub disambiguation,3138,3072
wintered,4492,4595,4596,4477,4599,4567,4556,4525,4537
chinese laundry,4161
primer,3063
v neck sweater,4593,4487
essence,3112,3033
s fragrance,3112,3033
accessories and kits,3092,3123
make out,4153
kurtis disambiguation,4565
broken foot,3109,3143,3142
retire,4153
article of clothing,4481,4482,4472,4473,4484,4540,4486,3223,4477,4521,4533,4544,4522,4611,4556,4524,4536,4558,4525,4559,4504,4537,4528
aspect,3071,3137,3058,3062
round top,4562,4542,4600,4546,4604
braclet,4452,4413,4426,4439
piece workers,4408,4409,4442,4422,4434,4435,4447,4418,4407
perfumeries,3112,3033
nail treatment,3057
pelage,3055
atomiser,3101,3131
shrugs,4591,4598
acquisition psychology,4207
formal trousers,4480
sling,4330,4339
deportivos,4608,4609,4465,3223,3176,3175,4516
kurtas & suit sets,4548
oculars,4370,3106,4363,3047,3046,3044,4218
cricketers,3917,3177,3921
loosely,3064
foot cream,3142
shorts 3/4ths,4483,4531
scout,4375,4367,4359
houseshoes,2991,4468
day dress,4570,4549
flat coat,3063
hairiness,3093,4360,3134,3133,3100,3099,3098,3097,3130,3094,3129,3128,3127,3103,3102,3124
masquerade,3077
massage tables,3083
blush,3065
basketball player,3882,3198
hind end,4581
gifts,3114,3035,4390
sarees,4569
lip diseases,3107,3039,3037,3043,3042,3041,3040
escaped,3064
ear cuff,4410,4423,4437
human hairlessness,3093,4360,3134,3133,3100,3099,3098,3097,3130,3094,3129,3128,3127,3103,3102,3124
maternal quality,4558
kids toys,2954
shell,4361,4368
bagful,4340,4330,4341,4342,4334,4335,4336,4326,4327,4328,4339,4329
anklet,4454,4416
skin lotion,3090
out wears,4481,4482,4484,4540,3223,4477,4611,4556,4558,4525,4504,4537,4528
unit kitchen,4110,4406
puddle,3036,3069,3068,3067,3066,3052
soaps,3087,3120
stilettos,4517
thyroxine,3224,4542,4532
mosquito drawers,4580,4553
men beauty,3110
scoop,3087,3120
austral summer,4592
structure of the sun,3075
production,3103,3140,3073
non identical twin,4527,4539
scrubber disambiguation,3138,3072
winter wear,4477,4556,4525,4537
jeans,4496,4573
lavation,3071,3137
leg covering,4606,4552,4578,4602
woven carpet,4185
bacillus,4627
laptops,4340,4335
flopped,4519,2993,4469
down jacket,4592,4595,4498,4489,4568
toy industry,2954,2711,4207
human hs,4074,3108,4075,4329
pull down curtain,4162,4158
shower curtains,4162,3088,3121
active sleep,4621
fluorescent pen,3049,3062
crap,3036,3069,3068,3067,3066,3052
hybrid notebook,4340,4335
camosole,4585
doll making,4203
fraternal twinning,4527,4539
age,3076
saree,4569,4549
gloze,3039
motherhood,4558
variation,4608,4609,4465,3223,3176,3175,4516
priming coat,3063
coterie,3129,3099
walk in shower,4162,3088,3121
rim,3107,3039,3037,3043,3042,3041,3040
looker,4388,3110,3031,3030
acme,4562,4542,4600,4546,4604
casual,4463,4476,4479
slack,3064
frock,4535
anatomy of the h,4074,3108,4075,4329
double cream,3082,3081,3118,3133,3142,3083
serotherapy,3084
chinese massage,3083
criket,3917,3177,3921
al qaeda,3066,3055
rucksack,4333,4337,4404
nonchalant,4463,4476,4479
laptop computer,4340,4335
hairy,3093,4360,3134,3133,3100,3099,3098,3097,3130,3094,3129,3128,3127,3103,3102,3124
gift exchange,3114,3035,4390
inner beauty,4388,3110,3031,3030
hybrid notebooks,4340,4335
courtship,4485,4566,4548
hairs,3093,4360,3134,3133,3100,3099,3098,3097,3130,3094,3129,3128,3127,3103,3102,3124
masks in ritual,3077
bra disambiguation,4583
aid,3109,3108,3107,3106,3124,3143,3075,3094
salwars & churidars,4580,4553
sleeves,4340,4335
substructure,3109,3143,3066,3055,3142
ravisher,4388,3110,3031,3030
kricket,3917,3177,3921
serum disambiguation,3084
long skirt,4551,4576,4535
drench,3091,3122
partied,4528
soapmaking,3087,3120
churidars,4580,4553
loose album,3064
whitening disambiguation,3074
th toes,4387,4416
spintops,4562,4542,4600,3055,4546,4604
baloncesto,3882,3198
nite,3082
iron heel,2997,4467,4514
shoe accessories,4471
watch case,4361,4368
soiree,4528
jeans pant,4550,4496,4573,4526,4538
smasher,4388,3110,3031,3030
bikinis,3234
wench,4551,4576,4203,4535
dres polish subculture,4570,4549
deodorants,3113,3034
remover,3068
salwars churidars,4580,4553
tunic,4601,4547,4605
winter kurtas,4596,4567
natural action,4207
masks in ritual theatre,3077
glove,3917,3196
essensials,4523,4534
lotion,3090
body,3090,3115,3086
innerspring mattress,4651
mode,4409,4435
rear,4581
ear piercings,4410,4423,4437
natural endowment,3114,3035,4390
read,4207
loosest,3064
great toe,4387,4416
activity disambiguation,4207
ruck sack,4333,4337,4404
hling,3103,3057,3140,3073
austral winter,4492,4595,4596,4477,4599,4567,4556,4525,4537
psychological significance of hair,3093,4360,3134,3133,3100,3099,3098,3097,3130,3094,3129,3128,3127,3103,3102,3124
concealers,3060
evolution of hair,3093,4360,3134,3133,3100,3099,3098,3097,3130,3094,3129,3128,3127,3103,3102,3124
number two pencils,3041,3051
house coat,4163
pendants & pendant sets,4414,4428
launderer,4161
sunglass lens,4366,4377,4358
ties cufflinks,4499
sleep stages,4621
rob,3091,3122
compositor's case,4361,4368
game point,3192,3188
summer season,4592
wears out,4481,4482,4484,4540,3223,4477,4611,4556,4558,4525,4504,4537,4528
gloss,3128,3039,3098
leggings & jeggings,4552
earlobe piercing,4410,4423,4437
teeshirt,3224,4542,4532
thermals,4491,4597
annulus,4551,4576,4535
cricketeer,3917,3177,3921
fifth toes,4387,4416
flat disambiguation,4507
radical,3066,3055
raw denim,4497,4498,4478
heliology,3075
pillow case,4155,4651
african jungleball,3882,3198
caring,3070,3078,3143,3075,3141,3085,3094,3109,3108,3107,3106,3136,3124
application,3090
singlet,4494
coke party,4528
precious jewellery,4442,4422
micturate,3036,3069,3068,3067,3066,3052
qaeda,3066,3055
hat b,4501
momche,4522
straight jeans,4550,4496,4573,4526,4538
out wearing,4481,4482,4484,4540,3223,4477,4611,4556,4558,4525,4504,4537,4528
collapse,4519,2993,4469
oil color,3090,3127,3097,3083
understructure,3109,3143,3066,3055,3142
get to,3036,3069,3068,3067,3066,3052
exercise set,4581,4153,4156,3035,4390,3114,4412,4588,4566,4425,4414,3921,4548,4527,4428,4539
battalion,3129,3099
make up kit,3067
essential disambiguation,4523,4534
chukkers,4474,4532
third toe,4387,4416
cake,4114,4115
body process,4207
sweater,4593,4487
barefoot sal,4508,4468,2989
hkerchers,4502
shopping,4334
oak furniture,4265
registered massage therapy,3083
nail,3108,3057,3055,3054,3053
pregnancy,4558
s clothing,4472,4473,4486,4521,4533,4544,4522,4524,4536,4559
circular skirt,4551,4576,4535
rings,4443,4411,4424,4438,4416
soap making,3087,3120
blush disambiguation,3065
the messenger disambiguation,4339
progress to,3036,3069,3068,3067,3066,3052
iran disambiguation,4443,4411,4424,4503,4438,4627
go to sleep,4153
lip brush,3043
h deformities,4074,3108,4075,4329
skidder,2991,4468
acquire,4207
make your own soap,3087,3120
matching,4527,4539
layabout,4512,4228
cami,4585
floater,4470,4520,3022
skin treatment products,3140,3073
arm,4340,4335
kids,2988,2954,4374,4342,4388,4521,4447
angel sleeves,4340,4335
worn out,4481,4482,4484,4540,3223,4477,4611,4556,4558,4525,4504,4537,4528
atc code a06ag06,3090,3127,3097,3083
bath mats,4160
matting,4185,4160
palette disambiguation,4218
cleanser,3079
gift present,3114,3035,4390
foot fracture,3109,3143,3142
jewellry,4408,4409,4442,4422,4434,4435,4447,4418,4407
kick,2997,4467,4514
shit,3036,3069,3068,3067,3066,3052
tshirt,4562,4563,3224,4542,4532
colourful,3128,3098
watchbs,4361,4368
colouring pencils,3041,3051
ass,4581
hairsbreadth,3093,4360,3134,3133,3100,3099,3098,3097,3130,3094,3129,3128,3127,3103,3102,3124
camisoles,4585
art quilt,4152
nude sleeping,4529,4541,4586,4554
suit sets,4566
precious disambiguation,4442,4422
rug,4185
the nails,3108,3057,3055,3054,3053
cymotrichous,3093,4360,3134,3133,3100,3099,3098,3097,3130,3094,3129,3128,3127,3103,3102,3124
occasional,4463,4476,4479
hooded sweatshirt,4488
view,4361,4368
affiliation,4499
wind cone,4500
sport jacket,4485
twinships,4527,4539
bounder,4509
peep toes,4387
worry,3070,3136,3078,3141,3085
travelling,4341,4336
watches,4361,4375,4367,4368,4359
upkeep,3109,3108,3107,3106,3124,3143,3075,3094
sts disambiguation,4176
camp,3129,3099
kurta,4596,4565,4567,4548
culture of sport,4608,4609,4465,3223,3176,3175,4516
oil liquid,3090,3127,3097,3083
linen clothes,4149,4406
curly haired,3093,4360,3134,3133,3100,3099,3098,3097,3130,3094,3129,3128,3127,3103,3102,3124
base math,3066,3055
name,3036,3069,3068,3067,3066,3052
parties,4528
boyism,4522
boyish,4522
partier,4528
dungarees jumpsuits,4561
novelty,4452,4413,4426
whisker,3093,4360,3134,3133,3100,3099,3098,3097,3130,3094,3129,3128,3127,3103,3102,3124
remotion,3093
underpanties,4584
cap sleeve,4340,4335
bumpings,4627
caps,3210,4501
civil day,3081
kicking,2997,4467,4514
bikini top,3234
take a crap,3036,3069,3068,3067,3066,3052
gloves,3917,3196
massage therapy,3083
antibacterial shampoo,3125,3095
gels,3118,3133,3088,3121
mantle,4162,4152,4158
boot,2997,4467,4514
chain gaurd,4441
shoe,4471
endiaron,3125,3095
laundry baskets,4161
racecourse,4482,4611
bonk,4153
learned,4207
h pencil,3041,3051
outwearing,4481,4482,4484,4540,3223,4477,4611,4556,4558,4525,4504,4537,4528
pendants,4440,4414,4428
bracelet,4452,4413,4426,4439
spraying,3101,3131
discourse,3103,3057,3140,3073
partiedly,4528
quixalin,3125,3095
mouth,3107,3039,3037,3043,3042,3041,3040
lingerie nightwear,4554
learner,4207
facial expression,3071,3137,3058,3062
moisturizers,3139
find out,4361,4368,4207
looses,3064
shirts,4497,4530,4564,4476,4600,4546,4505,4604
the messengers,4339
sporting event,4608,4609,4465,3223,3176,3175,4516
middle toe,4387,4416
horophile,4361,4368
loosed,3064
fittingness,4503
case,3071,4361,3137,4485,3058,4368,4566,4548,3062
undersurface,4581
peasant blouses,3224,4542,4532
hkercheif,4502
k i d s,2988,2954,4374,4342,4388,4521,4447
solarian,3075
basketball hoop,4161
pantyline,4584
trunk,3090,3115,3086
runners,4151
rug textile,4185
sunday,3075
control panties,4584
chogan,4474,4532
buttocks,4581
toy line,2954,2711,4207
style,4409,3100,4435,3130
care,3070,3078,3143,3075,3141,3085,3094,3109,3108,3107,3106,3136,3124
cutaneous,3070,3136,3078,3141,3140,3085,3073,3084
bar disambiguation,4114,4115
foot sweat,3109,3143,3142
styles of dress,4409,4435
visible panty lines,4584
shoe factory,2988,4471,4608,2995,4462,4463,4464,4465,4510,4456,4516,4506
sunburn,3075
enthalpy,4074,3108,4075,4329
roman massage,3083
cushion,4157
root word,3066,3055
haversack,4333,4337,4404
dichorionic twins,4527,4539
resized,4557
boyishness,4522
hb pencil,3041,3051
linen paper,4149,4406
conterpane bedding,4152
cricket sport,3917,3177,3921
heels,4509
accessary,3192,4371,3092,4492,4360,4471,4164,4374,4364,4486,4355,3123,4609,3069,4114,4356,4357,4599,4524,4645,4536,4559
get on,3076
beautifully,4388,3110,3031,3030
pink highlighters,3049,3062
copse,3104,3069,3135,3043,3052
pick up,4207
polo stick,4474,4532
number 1 pencil,3041,3051
churidaar,4580,4553
mature,3076
domestic architecture,4203
soak disambiguation,3091,3122
shampoos,3125,3095
vests,4494
net curtains,4162,4158
nighttime,3082
deodorant,3113,3034
talent,3114,3035,4390
footballs,3194
air sock,4500
cricket gloves,3917
bedspread,4153
carved cles,4176
pinhole eye,4370,3106,4363,3047,3046,3044,4218
paper hat,4501
the scrub,3138,3072
top side,4562,4542,4600,4546,4604
nerve,3071,3137,3058,3062
daily,4463,4476,4479
february blah,4492,4595,4596,4477,4599,4567,4556,4525,4537
daughter,4533
cloth,4570,4549
partay,4528
powder disambiguation,3059,3064
ascertain,4361,4368,4207
hairgrowth,3093,4360,3134,3133,3100,3099,3098,3097,3130,3094,3129,3128,3127,3103,3102,3124
shower bath,4162,3088,3121
raceway,4482,4611
stud earing,4410,4423,4437
bedridden,4151,4149
earcuff,4410,4423,4437
tribal mask,3077
people of color,3128,3098
rest,4621
covering fire,4151,4154,4155,4157
album,3060,4176,3123,3122,3086,3083,3119,3118,3115,3113,3135,3092,3091,3090,3112,3034,3133,3033,3077,3055,3075,3074,3108,3104,3069
identical twins,4527,4539
break point,3192,3188
fitted kitchen,4110,4406
clean shaven,3118,3116
logo mats,4185,4160
habiliment,4481,4482,4472,4473,4484,4540,4486,3223,4477,4521,4533,4544,4522,4611,4556,4524,4536,4558,4525,4559,4504,4537,4528
puppet,4115
earings,4410,4423,4437
ankle length dress,4570,4549
home & furniture,4265
eye palette,4218
cabin bed,4151,4149
plane,3117,3116
sleep loungewear,4621
pocket hkerchief,4502
ties & cufflinks,4499
slipstream,3071,3137
wedge,4511
twin sets & jumpsuits,4539
bag,4340,4330,4341,4331,4342,3066,3055,4334,4335,4336,4326,4327,4328,4339,4329
boys,4522
commercial kitchen,4110,4406
treatments,3103,3057,3140,3073
leather shorts,4483,4551,4575,4531,3233,4543
bar,4114,4115
eiderdown,4154
pulverisation,3059,3064
eye floaters,4470,4520,3022
feet massage,3083
erasable pen,4372,4365
long pillow,4156
beautifulness,4388,3110,3031,3030
silver salts in the skin,3070,3136,3078,3141,3140,3085,3073,3084
clothers,4472,4473,4486,4521,4533,4544,4522,4524,4536,4559
deal,3070,3136,3078,3141,3085
placoda pili,3093,4360,3134,3133,3100,3099,3098,3097,3130,3094,3129,3128,3127,3103,3102,3124
readiness,4581,4153,4156,3035,4390,3114,4412,4588,4566,4425,4414,3921,4548,4527,4428,4539
facet anatomy,4370,3106,4363,3047,3046,3044,4218
people of colour,3128,3098
little toes,4387,4416
eyes,4370,3106,4363,3047,3046,3044,4218
clothes laundering,4161
earring,4410,4423,4437
heat content,4074,3108,4075,4329
body oil lotion,3090
see,4361,4368,4207
list colors,3128,3098
towels & robes,4163
body disambiguation,3090,3115,3086
masseur,3083
spin top,4562,4542,4600,3055,4546,4604
maxi dress,4570,4549
fixed oils,3090,3127,3097,3083
effortless,4463,4476,4479
set,4581,4153,4156,3035,4390,3114,4412,4588,4566,4425,4414,3921,4548,4527,4428,4539
notecase,4331,4338
convertible computer,4340,4335
tending,3109,3108,3107,3106,3124,3143,3075,3094
quilts,4152
take a shit,3036,3069,3068,3067,3066,3052
track music,4482,4611
metrical unit,3109,3143,3142
incidental learning,4207
courting,4485,4566,4548
look out,4361,4368
seat cushion,4157
bed,4151,4581,4153,4149
pairs of pants,4480,4606,4550,4572,4479,4602,4526,4538
panties,4584
go to bed,4153
beauty,4388,3110,3031,3030
triiodothyronine,3224,4542,4532
jut,4627
bel,4627
broomstick skirt,4551,4576,4535
wooden comb,3104,3135
business firm,4203
night clothes,4529,4541,4586,4554
clemaking,4176
insoles,2988,4471,4608,2995,4462,4463,4464,4465,4510,4456,4516,4506
tenis,3192,3188
half cream,3082,3081,3118,3133,3142,3083
wearabilities,4472,4473,4486,4521,4533,4544,4522,4524,4536,4559
chain wallet,4331,4338
twin mattress,4651
slingshot,4330,4339
sun glass,4366,4377,4358
v neck shirt,4497,4530,3224,4542,4564,4476,4532,4600,4546,4505,4604
lingerie sets,4588
eye glasses,4370,4363
gazump,3091,3122
jewelery,4408,4409,4442,4422,4434,4435,4447,4418,4407
loungewear,4621,4625
shoe dance,2988,4471,4608,2995,4462,4463,4464,4465,4510,4456,4516,4506
gatti rossi in un labirinto di vetro,4370,3106,4363,3047,3046,3044,4218
rain measurement,4504
back massage,3083
shoot hoops,3882,3198
licensed massage therapist,3083
eyeball,4370,3106,4363,3047,3046,3044,4218
party,4528
bath accessories,4164
sweatshirts & hoodies,4488
bikini tops,3234
missy,4533
pendant,4440,4414,4428
animal tools,4115
cricket team,3917,3177,3921
eye balls,4370,3106,4363,3047,3046,3044,4218
decor,4165
dress material,4570
fragrancy,4175,4389,3111,3032
heated mittens,3917,3196
lulu,4388,3110,3031,3030
eyebrow,3051
aestival,4592
wearing,4481,4482,4484,4540,3223,4477,4611,4556,4558,4525,4504,4537,4528
maxi skirt,4551,4576,4535
football,3196,3194,3193
leg of mutton sleeve,4340,4335
fragrance,4175,3112,4389,3111,3033,3032
fashion icon,4409,4435
polo pitch,4474,4532
combs disambiguation,3104,3135
physical structure,3090,3115,3086
caps & hats,4501
hobo gloves,3917,3196
dry wash,3071,3137
hoodies,4488
rain shower,4162,3088,3121
eyeglass,4370,4363
whitening and fairness,3074
tunic top,3224,4542,4532
dresses skirts,4535
formal disambiguation,4480,2995,4464,4505
crown,4592,4595,4562,4498,4542,3210,4489,4501,4600,4546,4568,4604
sky,4519,2993,4469
celebration party,4528
messenger sling bags,4339
the scrubs,3138,3072
youngster,2988,3119,2954,4374,4342,4388,4521,4447
convertible notebook,4340,4335
stilleto,4517
oil colour,3090,3127,3097,3083
tiptop,4562,4542,4600,4546,4604
pierced ear,4410,4423,4437
birthday party event,4528
chemical solution,3078
soap water,3087,3120
plate,4175,4165,4265
totes,4334
eye care,3106
hiel,4509
guardian,4651
optic,4370,3106,4363,3047,3046,3044,4218
italy,4551,4543,4577
table,4406
crawl in,4153
side,3071,3137,3058,3062
two piece,3234
cricket as a social event,3917,3177,3921
ancient rugs,4185
nicelooking,4388,3110,3031,3030
intensity frequency duration,4504
comfort,4152
hide,3070,3136,3078,3141,3140,3085,3073,3084
hozho,4388,3110,3031,3030
casual wear,4463,4476,4479
keulen,3113,3034
sign,4203
coloration,3128,3098
sleeve clothing,4340,4335
human face,3071,3137,3058,3062
skirts,4551,4576,4535
son,4522
swedish massage,3083
watchstrap,4452,4413,4426,4439
sop,3091,3122
bath mat,4185,4160
the bags rock b,4340,4330,4341,4342,4334,4335,4336,4326,4327,4328,4339,4329
redden,3065
petroleum,3090,3127,3097,3083
covers ep,4151,4154,4155,4157
s hoops,3882,3198
home furniture,4265
establish,3036,3069,3068,3067,3066,3052
toolcase,4115
tea towel,4163
liner disambiguation,3046,3040
batwing sleeves,4340,4335
pencil hardness,3041,3051
precious single,4442,4422
behind,4581
shades,4366,4377,4358
plus disambiguation,4557
h bones,4074,3108,4075,4329
notebook computer,4340,4335
boy,4522
switch,4519,2993,4469
internal structure of the sun,3075
summer clothing,4472,4473,4486,4521,4533,4544,4522,4524,4536,4559
drycloth,4163
whitens,3074
hooded tops,4488
decgn,3113,3034
convection column,4491,4597
hand bags,4329
dessous,4554,4588,4645
sentry,4375,4367,4359
exhibitor,4162,3088,3121
air sleeve,4500
opisthenar,4074,3108,4075,4329
vitreous floaters,4470,4520,3022
hyetal,4504
hot pants,4483,4551,4575,4531,3233,4543
matte,4185,4160
make-up brush,3052
learning activity toys,4207
stool,3036,3069,3068,3067,3066,3052
thomas kid,2988,2954,4374,4342,4388,4521,4447
replica football shirt,3224,4542,4532
learning process,4207
dwelling,4175,4165,4265
learning & activity toys,4207
insole,2988,4471,4608,2995,4462,4463,4464,4465,4510,4456,4516,4506
squetbol,3882,3198
monozygotic twins,4527,4539
peeps disambiguation,4387
bra,4583
bathtub,3091,4164,3115,4159,3122,3086,4160
bodylotion,3090
scent,4175,3112,4389,3111,3033,3032
s eye lens,4370,3106,4363,3047,3046,3044,4218
identical twin,4527,4539
leather leggings,4606,4552,4578,4602
skin care,3070,3136
modern codes of football,3196,3194,3193
bed linen,4149
parts of the sun,3075
vividness,3128,3098
match point tennis,3192,3188
redolence,4175,4389,3111,3032
boxers,4483,4551,4575,4531,3233,4543
masks and peels,3077
daytime,3081
mirror twin,4527,4539
sub,4511
curtains,4162,4158
culture of cologne,3113,3034
teeing ground,4474,4563,4600,4546,4604
sun,3075
sesquizygotic,4527,4539
diwan sets bolsters,4156
tennis coaching,3192,3188
gym shoe,4518,2992,4466
bathing costume,3231
color list,3128,3098
ottoman bed,4151,4149
flats disambiguation,4507
sun care anti tan,3075
slipper,2991,4468
cover page,4151,4154,4155,4157
rock oil,3090,3127,3097,3083
capris,4551,4543,4577
cricket club,3917,3177,3921
cricket,3917,3177,3921
rucksacks,4333,4337,4404
t shirt quotes,3224,4542,4532
bum,4581,4512,4228
putting on clothing,4472,4473,4486,4521,4533,4544,4522,4524,4536,4559
the short,4483,4551,4575,4531,3233,4543
winter skirt,4551,4576,4535
get a line,4207
wooing,4485,4566,4548
dizygotic,4527,4539
fille,4533
brushing,3104,3069,3135,3043,3052
masque,3077
cover album,4151,4154,4155,4157
facial soap,3079
heel h,4074,3108,4075,4329
shower door,4162,3088,3121
sidereal day,3081
stunner,4388,3110,3031,3030
sun astronomy,3075
rainstorm,4504
travelling bag,4340,4330,4341,4342,4334,4335,4336,4326,4327,4328,4339,4329
horseshoe,4471
animal foot,3109,3143,3142
the others album,4606,4602
laptop bags sleeves,4340,4335
perfumes edt's,3112
carpet,4185
match tiebreak,3192,3188
home plate,4175,4165,4265
healing dance,3083
pencilling,3041,3051
casual shoes,4463
sports shoes,4608,4465,4516
winter season,4492,4595,4596,4477,4599,4567,4556,4525,4537
kid,2988,3119,2954,4374,4342,4388,4521,4447
fooling,4463,4476,4479
biggity,4557
infantry,3109,3143,3142
nighty,4529,4541,4586,4554
foot deformities,3109,3143,3142
foot massage,3083
flush,2997,4467,3065,4514
kit,3092,3123,3067,3141,3085
defecate,3036,3069,3068,3067,3066,3052
out wear,4481,4482,4484,4540,3223,4477,4611,4556,4558,4525,4504,4537,4528
facial feature,3071,3137,3058,3062
tracks film,4482,4611
crosstie,4499
neuro homeostatic recuperation,4621
technology in sports,4608,4609,4465,3223,3176,3175,4516
fleece,3091,3122
idler,4512,4228
h soccer,3882,3198
vetement,4472,4473,4486,4521,4533,4544,4522,4524,4536,4559
hit it up,3091,3122
upper shoe,2988,4471,4608,2995,4462,4463,4464,4465,4510,4456,4516,4506
skirted,4551,4576,4535
supercilium,3051
disposable panties,4584
messenger disambiguation,4339
laundryman,4161
skin cream cosmetic,3139
penitentiary,4372,4365
shampoo,3125,3095
fitness disambiguation,4503
reach,3036,3069,3068,3067,3066,3052
hankie,4502
oni garment,4581,4582
glozing,3039
face pack,3129,3099
bedknobs,4151,4149
wrap dress,4570,4549
sweet cream,3082,3081,3118,3133,3142,3083
duvet covers,4154
thermal column,4491,4597
young lady,4533
protrusion,4627
ethnic,4484,4540,4568,4528
sneakers,4518,2992,4466
private house,4175,4165,4265
panties undergarments,4584
the primer,3063
lawn tennis,3192,3188
stately,4480,2995,4464,4505
al qa'ida,3066,3055
total heat,4074,3108,4075,4329
eye vertebrate,4370,3106,4363,3047,3046,3044,4218
necklaces,4412,4425
hoagy,4511
denim shirts,4497
pb lead pencil,3041,3051
clothing accessories & innerwear,4524,4536
wear,4481,4482,4472,4473,4484,4540,4486,3223,4477,4521,4533,4544,4522,4611,4556,4524,4536,4558,4525,4559,4504,4537,4528
decorative throw,4152
leather glove,3917,3196
sportsman,4608,4609,4465,3223,3176,3175,4516
masks peels,3077
place,4175,4165,4462,4463,4265,4464,4465,2988,4608,2995,4510,4456,4516,4506
enamel,3054
women shoes,4506
urinate,3036,3069,3068,3067,3066,3052
leaf,4519,2993,4469
lead,4482,4611
lady friend,4533
sunlight,3075
associative learning,4207
shirting,4497,4530,4564,4476,4600,4546,4505,4604
robe,4163
work boots,2997,4467,4514
s sun,3075
amateur cricket,3917,3177,3921
drape,4162,4158
tracks album,4482,4611
hoop earring,4410,4423,4437
cologne,3113,3034
kitchen salt,3091,3122
silk lingerie,4554,4588,4645
summerliness,4592
clothed,4472,4473,4486,4521,4533,4544,4522,4524,4536,4559
tan,3075
summering,4592
crotchless,4554,4588,4645
glitten,3917,3196
chancea,4463,4476,4479
sandals & slippers,4468
bouquet,4175,4389,3111,3032
travel bags,4341,4336
whipping top,4562,4542,4600,3055,4546,4604
broach,4417
chlofucid,3125,3095
afternoon dress,4570,4549
shower gel,3088,3121
winter dress,4570,4549
day pack,4333,4337,4404
covering,4151,4154,4155,4157
paint brush,3043,3052
cad,4509
sir robert peel,3077
leggings others,4606,4602
get word,4207
laptop computers,4340,4335
can,4581
ocean liner,3046,3040
hair,3093,4360,3134,3133,3100,3099,3098,3097,3130,3094,3129,3128,3127,3103,3102,3124
cap,4592,4595,4498,3210,4489,4501,4568
ready,3036,3069,3068,3067,3066,3052
leep,4621
trousers jeans,4550
wipecloth,4163
clother,4472,4473,4486,4521,4533,4544,4522,4524,4536,4559
rainfall,4504
puff sleeve,4340,4335
professional tennis player,3192,3188
idle,3064
amature cricket,3917,3177,3921
pillowcase,4361,4155,4651,4368
bikinitanning,3234
clothes,4570,4560,4472,4473,4486,4521,4533,4544,4522,4545,4524,4601,4535,4536,4559,4549,4605
parka,4490
protuberance,4627
clutches,4332
salt compound,3091,3122
two piece swimsuit,3234
laundress,4161
kurta tehmat,4596,4565,4567,4548
informal,4480,2995,4464,3064,4505
kurti,4596,4565,4567,4548
peplum,4601,4547,4605
pull over,4593,4487
t-shirts,4562,4563,3224,4542,4532,4474
Capris Shorts,4551
tshirt,4532
t-shirt,4532
t shirt,4532
